order_id,order_date,region,customer_segment,category,product,units,unit_price,discount,revenue
ORD11089,2024-01-01,North,Small Business,Home & Kitchen,Pressure Cooker,3,1899,0.0,5697.0
ORD11581,2024-01-01,North,Consumer,Home & Kitchen,Non-stick Pan,1,1199,0.0,1199.0
ORD12343,2024-01-01,West,Consumer,Books,Finance 101,1,799,0.2,639.2
ORD11689,2024-01-02,East,Consumer,Electronics,Wireless Earbuds,3,2499,0.05,7122.15
ORD11577,2024-01-02,North,Consumer,Fashion,Running Shoes,2,2799,0.05,5318.1
ORD11721,2024-01-03,South,Corporate,Home & Kitchen,Non-stick Pan,3,1199,0.1,3237.3
ORD12925,2024-01-03,South,Consumer,Home & Kitchen,Water Bottle,5,499,0.0,2495.0
ORD12284,2024-01-03,North,Consumer,Electronics,Bluetooth Speaker,4,3499,0.0,13996.0
ORD11524,2024-01-03,West,Small Business,Fashion,Denim Jeans,1,1599,0.0,1599.0
ORD12264,2024-01-03,North,Consumer,Electronics,Smartwatch,5,5999,0.2,23996.0
ORD11671,2024-01-03,North,Small Business,Fashion,Backpack,4,1399,0.05,5316.2
ORD11019,2024-01-03,West,Consumer,Fashion,Running Shoes,1,2799,0.1,2519.1
ORD10315,2024-01-04,West,Corporate,Home & Kitchen,Pressure Cooker,4,1899,0.0,7596.0
ORD10597,2024-01-04,South,Corporate,Home & Kitchen,Mixer Grinder,5,3299,0.1,14845.5
ORD12204,2024-01-04,North,Corporate,Fashion,Denim Jeans,4,1599,0.1,5756.4
ORD12297,2024-01-04,South,Consumer,Books,SQL Basics,3,549,0.1,1482.3
ORD10076,2024-01-04,West,Corporate,Books,Finance 101,3,799,0.0,2397.0
ORD10708,2024-01-04,North,Consumer,Electronics,Power Bank,3,1299,0.2,3117.6
ORD10127,2024-01-04,East,Consumer,Electronics,Bluetooth Speaker,3,3499,0.1,9447.3
ORD11018,2024-01-04,East,Consumer,Fashion,Denim Jeans,2,1599,0.05,3038.1
ORD12412,2024-01-04,North,Corporate,Home & Kitchen,Water Bottle,3,499,0.05,1422.15
ORD12517,2024-01-05,West,Corporate,Home & Kitchen,Mixer Grinder,2,3299,0.05,6268.1
ORD12479,2024-01-05,West,Consumer,Fashion,Cotton Kurta,3,899,0.05,2562.15
ORD11996,2024-01-06,North,Consumer,Electronics,Power Bank,3,1299,0.0,3897.0
ORD12585,2024-01-06,North,Consumer,Home & Kitchen,Water Bottle,1,499,0.0,499.0
ORD11659,2024-01-06,South,Corporate,Fashion,Backpack,4,1399,0.05,5316.2
ORD10989,2024-01-06,West,Consumer,Home & Kitchen,Pressure Cooker,4,1899,0.0,7596.0
ORD12319,2024-01-06,East,Corporate,Fashion,Cotton Kurta,1,899,0.0,899.0
ORD11907,2024-01-06,East,Consumer,Home & Kitchen,Mixer Grinder,1,3299,0.0,3299.0
ORD11327,2024-01-07,East,Consumer,Fashion,Cotton Kurta,3,899,0.1,2427.3
ORD11469,2024-01-08,North,Corporate,Fashion,Cotton Kurta,2,899,0.05,1708.1
ORD12718,2024-01-08,South,Corporate,Books,Novel,1,399,0.2,319.2
ORD10664,2024-01-08,West,Consumer,Books,Python Handbook,2,699,0.0,1398.0
ORD10372,2024-01-08,West,Consumer,Home & Kitchen,Mixer Grinder,5,3299,0.0,16495.0
ORD12315,2024-01-08,South,Consumer,Electronics,Bluetooth Speaker,4,3499,0.0,13996.0
ORD11242,2024-01-08,South,Corporate,Home & Kitchen,Water Bottle,2,499,0.1,898.2
ORD11991,2024-01-08,North,Consumer,Home & Kitchen,Pressure Cooker,3,1899,0.0,5697.0
ORD11893,2024-01-08,West,Corporate,Fashion,Cotton Kurta,1,899,0.1,809.1
ORD10581,2024-01-09,East,Consumer,Fashion,Denim Jeans,5,1599,0.2,6396.0
ORD12388,2024-01-09,East,Small Business,Fashion,Backpack,3,1399,0.0,4197.0
ORD11638,2024-01-10,North,Corporate,Fashion,Denim Jeans,4,1599,0.0,6396.0
ORD10739,2024-01-10,South,Consumer,Electronics,Bluetooth Speaker,1,3499,0.2,2799.2
ORD11569,2024-01-11,South,Consumer,Fashion,Denim Jeans,5,1599,0.0,7995.0
ORD12486,2024-01-12,South,Consumer,Home & Kitchen,Pressure Cooker,3,1899,0.05,5412.15
ORD12047,2024-01-12,East,Corporate,Electronics,Wireless Earbuds,1,2499,0.1,2249.1
ORD11132,2024-01-13,East,Small Business,Electronics,Wireless Earbuds,2,2499,0.2,3998.4
ORD12572,2024-01-13,South,Consumer,Fashion,Backpack,4,1399,0.2,4476.8
ORD10134,2024-01-13,West,Consumer,Electronics,Smartwatch,3,5999,0.2,14397.6
ORD12536,2024-01-13,North,Consumer,Fashion,Cotton Kurta,5,899,0.05,4270.25
ORD11548,2024-01-13,North,Consumer,Fashion,Backpack,1,1399,0.2,1119.2
ORD11299,2024-01-13,West,Consumer,Electronics,Bluetooth Speaker,4,3499,0.0,13996.0
ORD11825,2024-01-14,South,Small Business,Fashion,Cotton Kurta,1,899,0.0,899.0
ORD11679,2024-01-14,West,Consumer,Electronics,Power Bank,5,1299,0.0,6495.0
ORD12685,2024-01-14,North,Small Business,Home & Kitchen,Mixer Grinder,4,3299,0.0,13196.0
ORD10851,2024-01-14,North,Small Business,Fashion,Denim Jeans,2,1599,0.2,2558.4
ORD11920,2024-01-15,North,Small Business,Fashion,Cotton Kurta,3,899,0.2,2157.6
ORD11167,2024-01-16,West,Corporate,Home & Kitchen,Mixer Grinder,4,3299,0.05,12536.2
ORD12254,2024-01-16,South,Corporate,Books,Finance 101,1,799,0.0,799.0
ORD11781,2024-01-16,West,Corporate,Fashion,Backpack,2,1399,0.2,2238.4
ORD11900,2024-01-16,North,Small Business,Fashion,Backpack,1,1399,0.0,1399.0
ORD12267,2024-01-17,West,Corporate,Electronics,Bluetooth Speaker,2,3499,0.1,6298.2
ORD10017,2024-01-17,North,Corporate,Home & Kitchen,Water Bottle,1,499,0.2,399.2
ORD10210,2024-01-17,West,Consumer,Fashion,Running Shoes,3,2799,0.0,8397.0
ORD11662,2024-01-17,North,Consumer,Electronics,Smartwatch,4,5999,0.2,19196.8
ORD10567,2024-01-18,East,Corporate,Electronics,Wireless Earbuds,1,2499,0.2,1999.2
ORD11733,2024-01-18,East,Small Business,Books,Novel,5,399,0.0,1995.0
ORD11331,2024-01-18,South,Consumer,Home & Kitchen,Non-stick Pan,3,1199,0.1,3237.3
ORD10897,2024-01-18,North,Corporate,Electronics,Wireless Earbuds,2,2499,0.2,3998.4
ORD12653,2024-01-19,West,Consumer,Electronics,Bluetooth Speaker,1,3499,0.1,3149.1
ORD12040,2024-01-19,North,Consumer,Books,SQL Basics,4,549,0.0,2196.0
ORD11317,2024-01-19,East,Consumer,Electronics,Smartwatch,3,5999,0.0,17997.0
ORD12317,2024-01-19,South,Consumer,Home & Kitchen,Mixer Grinder,5,3299,0.1,14845.5
ORD10045,2024-01-19,West,Consumer,Electronics,Power Bank,1,1299,0.1,1169.1
ORD12192,2024-01-19,East,Consumer,Electronics,Power Bank,1,1299,0.0,1299.0
ORD12252,2024-01-19,West,Consumer,Fashion,Running Shoes,3,2799,0.0,8397.0
ORD11715,2024-01-20,South,Corporate,Home & Kitchen,Non-stick Pan,1,1199,0.0,1199.0
ORD11373,2024-01-20,West,Consumer,Fashion,Cotton Kurta,4,899,0.05,3416.2
ORD10342,2024-01-20,South,Consumer,Fashion,Running Shoes,4,2799,0.2,8956.8
ORD11422,2024-01-20,North,Consumer,Books,Novel,2,399,0.0,798.0
ORD11491,2024-01-21,West,Consumer,Electronics,Power Bank,5,1299,0.05,6170.25
ORD11819,2024-01-22,East,Corporate,Home & Kitchen,Pressure Cooker,3,1899,0.2,4557.6
ORD11551,2024-01-22,North,Corporate,Electronics,Power Bank,2,1299,0.1,2338.2
ORD11776,2024-01-22,South,Small Business,Electronics,Bluetooth Speaker,4,3499,0.0,13996.0
ORD10408,2024-01-23,North,Consumer,Fashion,Running Shoes,1,2799,0.05,2659.05
ORD10816,2024-01-23,South,Consumer,Home & Kitchen,Non-stick Pan,2,1199,0.0,2398.0
ORD10977,2024-01-23,East,Consumer,Electronics,Wireless Earbuds,2,2499,0.1,4498.2
ORD10890,2024-01-23,North,Consumer,Fashion,Denim Jeans,5,1599,0.1,7195.5
ORD11621,2024-01-24,West,Consumer,Books,Novel,2,399,0.0,798.0
ORD12454,2024-01-24,South,Small Business,Fashion,Cotton Kurta,3,899,0.1,2427.3
ORD12644,2024-01-25,West,Consumer,Home & Kitchen,Non-stick Pan,2,1199,0.0,2398.0
ORD12119,2024-01-25,West,Consumer,Home & Kitchen,Water Bottle,1,499,0.0,499.0
ORD10633,2024-01-25,West,Corporate,Fashion,Backpack,1,1399,0.0,1399.0
ORD10618,2024-01-25,North,Consumer,Fashion,Denim Jeans,1,1599,0.2,1279.2
ORD11100,2024-01-25,South,Consumer,Home & Kitchen,Pressure Cooker,3,1899,0.0,5697.0
ORD10419,2024-01-25,West,Consumer,Fashion,Backpack,4,1399,0.2,4476.8
ORD10228,2024-01-26,West,Consumer,Electronics,Wireless Earbuds,1,2499,0.0,2499.0
ORD10497,2024-01-26,South,Consumer,Home & Kitchen,Non-stick Pan,1,1199,0.1,1079.1
ORD12495,2024-01-26,North,Corporate,Home & Kitchen,Water Bottle,4,499,0.0,1996.0
ORD10663,2024-01-27,West,Consumer,Home & Kitchen,Water Bottle,3,499,0.05,1422.15
ORD11594,2024-01-27,North,Corporate,Fashion,Denim Jeans,3,1599,0.0,4797.0
ORD10142,2024-01-27,South,Consumer,Electronics,Wireless Earbuds,2,2499,0.05,4748.1
ORD11216,2024-01-27,East,Consumer,Fashion,Denim Jeans,1,1599,0.0,1599.0
ORD10722,2024-01-27,South,Consumer,Fashion,Running Shoes,4,2799,0.2,8956.8
ORD12017,2024-01-28,East,Consumer,Books,Finance 101,5,799,0.2,3196.0
ORD12862,2024-01-28,West,Corporate,Electronics,Power Bank,1,1299,0.0,1299.0
ORD11719,2024-01-28,East,Consumer,Fashion,Backpack,3,1399,0.0,4197.0
ORD11771,2024-01-28,East,Consumer,Electronics,Smartwatch,4,5999,0.0,23996.0
ORD12034,2024-01-28,West,Consumer,Fashion,Running Shoes,3,2799,0.1,7557.3
ORD12997,2024-01-29,East,Corporate,Fashion,Running Shoes,4,2799,0.0,11196.0
ORD12127,2024-01-29,East,Corporate,Electronics,Power Bank,4,1299,0.0,5196.0
ORD11547,2024-01-29,North,Consumer,Fashion,Denim Jeans,3,1599,0.0,4797.0
ORD11574,2024-01-29,West,Corporate,Electronics,Bluetooth Speaker,3,3499,0.0,10497.0
ORD11388,2024-01-30,North,Consumer,Home & Kitchen,Mixer Grinder,2,3299,0.2,5278.4
ORD10950,2024-01-30,West,Consumer,Fashion,Denim Jeans,1,1599,0.0,1599.0
ORD12624,2024-01-31,West,Corporate,Electronics,Bluetooth Speaker,1,3499,0.1,3149.1
ORD10850,2024-01-31,South,Consumer,Electronics,Power Bank,5,1299,0.0,6495.0
ORD12131,2024-01-31,East,Consumer,Electronics,Wireless Earbuds,1,2499,0.2,1999.2
ORD10100,2024-01-31,North,Consumer,Electronics,Wireless Earbuds,5,2499,0.2,9996.0
ORD11549,2024-02-01,West,Small Business,Home & Kitchen,Non-stick Pan,1,1199,0.0,1199.0
ORD10451,2024-02-01,South,Consumer,Books,SQL Basics,4,549,0.0,2196.0
ORD12442,2024-02-01,North,Corporate,Books,Finance 101,3,799,0.2,1917.6
ORD10984,2024-02-02,North,Consumer,Fashion,Backpack,4,1399,0.1,5036.4
ORD12353,2024-02-02,North,Consumer,Electronics,Smartwatch,1,5999,0.1,5399.1
ORD11928,2024-02-02,South,Consumer,Electronics,Wireless Earbuds,2,2499,0.2,3998.4
ORD11971,2024-02-02,North,Corporate,Electronics,Bluetooth Speaker,4,3499,0.05,13296.2
ORD11625,2024-02-02,East,Small Business,Fashion,Cotton Kurta,3,899,0.2,2157.6
ORD12318,2024-02-02,East,Consumer,Fashion,Running Shoes,4,2799,0.0,11196.0
ORD10039,2024-02-02,West,Consumer,Electronics,Wireless Earbuds,5,2499,0.1,11245.5
ORD10035,2024-02-02,West,Consumer,Books,Python Handbook,4,699,0.2,2236.8
ORD11361,2024-02-03,West,Corporate,Electronics,Power Bank,4,1299,0.05,4936.2
ORD12845,2024-02-03,North,Consumer,Fashion,Backpack,3,1399,0.0,4197.0
ORD12088,2024-02-03,West,Corporate,Electronics,Smartwatch,1,5999,0.1,5399.1
ORD10620,2024-02-03,South,Small Business,Electronics,Wireless Earbuds,4,2499,0.2,7996.8
ORD12680,2024-02-04,North,Small Business,Electronics,Wireless Earbuds,5,2499,0.05,11870.25
ORD12764,2024-02-04,North,Consumer,Books,Finance 101,5,799,0.0,3995.0
ORD10468,2024-02-04,East,Corporate,Electronics,Smartwatch,4,5999,0.0,23996.0
ORD12307,2024-02-04,West,Consumer,Fashion,Running Shoes,4,2799,0.0,11196.0
ORD12683,2024-02-06,West,Corporate,Electronics,Smartwatch,1,5999,0.0,5999.0
ORD11672,2024-02-06,West,Consumer,Electronics,Power Bank,5,1299,0.0,6495.0
ORD12852,2024-02-06,South,Small Business,Electronics,Bluetooth Speaker,3,3499,0.2,8397.6
ORD10426,2024-02-06,South,Corporate,Home & Kitchen,Mixer Grinder,4,3299,0.05,12536.2
ORD11836,2024-02-07,East,Corporate,Electronics,Bluetooth Speaker,2,3499,0.0,6998.0
ORD11561,2024-02-07,North,Corporate,Electronics,Smartwatch,4,5999,0.0,23996.0
ORD12138,2024-02-07,North,Small Business,Home & Kitchen,Non-stick Pan,1,1199,0.05,1139.05
ORD11558,2024-02-07,South,Corporate,Fashion,Denim Jeans,2,1599,0.2,2558.4
ORD11288,2024-02-07,West,Consumer,Fashion,Denim Jeans,5,1599,0.0,7995.0
ORD11510,2024-02-08,West,Small Business,Electronics,Power Bank,3,1299,0.2,3117.6
ORD10783,2024-02-08,North,Consumer,Electronics,Power Bank,1,1299,0.0,1299.0
ORD12041,2024-02-09,South,Consumer,Fashion,Cotton Kurta,5,899,0.1,4045.5
ORD11190,2024-02-09,North,Consumer,Electronics,Bluetooth Speaker,2,3499,0.0,6998.0
ORD12389,2024-02-09,South,Corporate,Home & Kitchen,Mixer Grinder,3,3299,0.0,9897.0
ORD11445,2024-02-09,North,Consumer,Electronics,Power Bank,3,1299,0.05,3702.15
ORD12985,2024-02-10,South,Corporate,Electronics,Wireless Earbuds,3,2499,0.0,7497.0
ORD11204,2024-02-10,North,Consumer,Electronics,Bluetooth Speaker,1,3499,0.0,3499.0
ORD12202,2024-02-10,North,Corporate,Electronics,Wireless Earbuds,3,2499,0.0,7497.0
ORD10244,2024-02-10,West,Consumer,Fashion,Running Shoes,2,2799,0.1,5038.2
ORD10476,2024-02-10,West,Corporate,Fashion,Denim Jeans,2,1599,0.1,2878.2
ORD10124,2024-02-10,East,Corporate,Electronics,Smartwatch,2,5999,0.0,11998.0
ORD12669,2024-02-11,South,Corporate,Books,Python Handbook,1,699,0.1,629.1
ORD11800,2024-02-11,South,Consumer,Electronics,Smartwatch,1,5999,0.0,5999.0
ORD10537,2024-02-11,North,Corporate,Fashion,Denim Jeans,1,1599,0.05,1519.05
ORD10329,2024-02-11,West,Corporate,Home & Kitchen,Non-stick Pan,5,1199,0.1,5395.5
ORD11929,2024-02-12,North,Small Business,Fashion,Cotton Kurta,4,899,0.0,3596.0
ORD11668,2024-02-13,North,Corporate,Fashion,Running Shoes,1,2799,0.0,2799.0
ORD12981,2024-02-13,North,Consumer,Home & Kitchen,Pressure Cooker,2,1899,0.05,3608.1
ORD10930,2024-02-13,West,Consumer,Home & Kitchen,Water Bottle,1,499,0.0,499.0
ORD12025,2024-02-13,North,Corporate,Fashion,Backpack,5,1399,0.0,6995.0
ORD11913,2024-02-14,South,Corporate,Books,Finance 101,1,799,0.0,799.0
ORD10384,2024-02-14,South,Consumer,Fashion,Denim Jeans,3,1599,0.0,4797.0
ORD11181,2024-02-14,West,Corporate,Fashion,Running Shoes,4,2799,0.0,11196.0
ORD10440,2024-02-14,East,Consumer,Home & Kitchen,Mixer Grinder,1,3299,0.1,2969.1
ORD12218,2024-02-15,North,Corporate,Electronics,Wireless Earbuds,3,2499,0.2,5997.6
ORD12458,2024-02-15,North,Corporate,Home & Kitchen,Pressure Cooker,5,1899,0.0,9495.0
ORD11398,2024-02-15,North,Small Business,Fashion,Backpack,3,1399,0.0,4197.0
ORD12238,2024-02-15,East,Consumer,Electronics,Wireless Earbuds,3,2499,0.0,7497.0
ORD12216,2024-02-15,South,Consumer,Fashion,Cotton Kurta,1,899,0.0,899.0
ORD12959,2024-02-15,North,Consumer,Home & Kitchen,Water Bottle,1,499,0.2,399.2
ORD11451,2024-02-15,South,Consumer,Books,Python Handbook,3,699,0.0,2097.0
ORD11886,2024-02-16,South,Corporate,Fashion,Running Shoes,5,2799,0.0,13995.0
ORD12820,2024-02-16,East,Consumer,Fashion,Backpack,2,1399,0.2,2238.4
ORD12013,2024-02-16,West,Consumer,Fashion,Running Shoes,2,2799,0.1,5038.2
ORD11128,2024-02-17,East,Corporate,Home & Kitchen,Non-stick Pan,2,1199,0.1,2158.2
ORD10143,2024-02-17,South,Consumer,Electronics,Wireless Earbuds,1,2499,0.2,1999.2
ORD12498,2024-02-17,East,Consumer,Fashion,Denim Jeans,2,1599,0.1,2878.2
ORD10966,2024-02-17,West,Consumer,Fashion,Backpack,1,1399,0.1,1259.1
ORD11497,2024-02-17,South,Consumer,Fashion,Cotton Kurta,4,899,0.0,3596.0
ORD11415,2024-02-18,North,Small Business,Fashion,Running Shoes,2,2799,0.2,4478.4
ORD11198,2024-02-18,North,Consumer,Fashion,Cotton Kurta,5,899,0.1,4045.5
ORD10038,2024-02-19,East,Small Business,Electronics,Bluetooth Speaker,4,3499,0.0,13996.0
ORD10520,2024-02-19,East,Consumer,Home & Kitchen,Non-stick Pan,2,1199,0.1,2158.2
ORD10227,2024-02-19,East,Corporate,Home & Kitchen,Non-stick Pan,4,1199,0.0,4796.0
ORD11334,2024-02-19,East,Consumer,Fashion,Running Shoes,2,2799,0.0,5598.0
ORD10219,2024-02-20,North,Corporate,Electronics,Smartwatch,5,5999,0.0,29995.0
ORD11234,2024-02-20,East,Corporate,Fashion,Cotton Kurta,4,899,0.0,3596.0
ORD11098,2024-02-20,South,Corporate,Home & Kitchen,Pressure Cooker,5,1899,0.05,9020.25
ORD10778,2024-02-20,South,Consumer,Books,Finance 101,1,799,0.0,799.0
ORD11981,2024-02-21,North,Consumer,Home & Kitchen,Pressure Cooker,5,1899,0.0,9495.0
ORD10321,2024-02-22,North,Consumer,Fashion,Cotton Kurta,1,899,0.1,809.1
ORD10469,2024-02-22,West,Consumer,Home & Kitchen,Water Bottle,1,499,0.0,499.0
ORD10704,2024-02-23,West,Consumer,Home & Kitchen,Water Bottle,4,499,0.0,1996.0
ORD10715,2024-02-23,North,Consumer,Fashion,Cotton Kurta,3,899,0.05,2562.15
ORD12172,2024-02-23,West,Consumer,Fashion,Running Shoes,3,2799,0.1,7557.3
ORD11904,2024-02-23,East,Consumer,Electronics,Smartwatch,1,5999,0.05,5699.05
ORD12567,2024-02-23,North,Consumer,Electronics,Wireless Earbuds,2,2499,0.05,4748.1
ORD10532,2024-02-23,West,Consumer,Electronics,Wireless Earbuds,5,2499,0.0,12495.0
ORD10668,2024-02-24,South,Small Business,Fashion,Backpack,1,1399,0.05,1329.05
ORD11773,2024-02-24,West,Corporate,Electronics,Bluetooth Speaker,2,3499,0.2,5598.4
ORD11173,2024-02-24,West,Consumer,Electronics,Bluetooth Speaker,2,3499,0.05,6648.1
ORD11490,2024-02-25,North,Consumer,Books,Finance 101,5,799,0.05,3795.25
ORD11921,2024-02-25,South,Consumer,Electronics,Wireless Earbuds,4,2499,0.2,7996.8
ORD11705,2024-02-25,North,Consumer,Fashion,Running Shoes,3,2799,0.0,8397.0
ORD12905,2024-02-25,South,Consumer,Electronics,Power Bank,2,1299,0.2,2078.4
ORD10507,2024-02-26,South,Consumer,Home & Kitchen,Non-stick Pan,2,1199,0.0,2398.0
ORD10351,2024-02-26,North,Consumer,Electronics,Smartwatch,4,5999,0.05,22796.2
ORD12871,2024-02-27,South,Corporate,Electronics,Power Bank,5,1299,0.0,6495.0
ORD11014,2024-02-27,North,Consumer,Books,SQL Basics,3,549,0.2,1317.6
ORD12452,2024-02-27,North,Corporate,Electronics,Smartwatch,1,5999,0.0,5999.0
ORD11616,2024-02-27,South,Corporate,Fashion,Cotton Kurta,1,899,0.05,854.05
ORD10641,2024-02-27,North,Corporate,Home & Kitchen,Non-stick Pan,2,1199,0.0,2398.0
ORD12866,2024-02-28,North,Consumer,Electronics,Bluetooth Speaker,5,3499,0.0,17495.0
ORD12720,2024-02-28,South,Corporate,Electronics,Wireless Earbuds,5,2499,0.0,12495.0
ORD11172,2024-02-28,East,Consumer,Home & Kitchen,Mixer Grinder,1,3299,0.0,3299.0
ORD10154,2024-02-28,West,Corporate,Fashion,Running Shoes,1,2799,0.0,2799.0
ORD12589,2024-02-28,South,Consumer,Fashion,Running Shoes,4,2799,0.0,11196.0
ORD10945,2024-02-28,South,Consumer,Home & Kitchen,Pressure Cooker,3,1899,0.0,5697.0
ORD12789,2024-02-28,South,Small Business,Fashion,Running Shoes,3,2799,0.05,7977.15
ORD10368,2024-02-28,South,Corporate,Home & Kitchen,Water Bottle,3,499,0.05,1422.15
ORD11264,2024-02-28,South,Consumer,Home & Kitchen,Mixer Grinder,3,3299,0.2,7917.6
ORD11407,2024-02-29,West,Corporate,Books,Finance 101,5,799,0.05,3795.25
ORD10940,2024-02-29,East,Small Business,Electronics,Power Bank,5,1299,0.2,5196.0
ORD12857,2024-02-29,West,Consumer,Fashion,Backpack,4,1399,0.2,4476.8
ORD11766,2024-03-01,East,Consumer,Books,Python Handbook,4,699,0.1,2516.4
ORD11829,2024-03-01,North,Corporate,Electronics,Power Bank,5,1299,0.0,6495.0
ORD10719,2024-03-01,West,Small Business,Fashion,Denim Jeans,1,1599,0.0,1599.0
ORD10829,2024-03-01,East,Consumer,Electronics,Power Bank,1,1299,0.2,1039.2
ORD11289,2024-03-02,South,Small Business,Electronics,Bluetooth Speaker,5,3499,0.0,17495.0
ORD11285,2024-03-02,North,Consumer,Fashion,Backpack,1,1399,0.05,1329.05
ORD11504,2024-03-02,South,Corporate,Electronics,Smartwatch,2,5999,0.0,11998.0
ORD11104,2024-03-02,South,Consumer,Fashion,Backpack,5,1399,0.0,6995.0
ORD10067,2024-03-02,West,Corporate,Books,Python Handbook,5,699,0.0,3495.0
ORD11751,2024-03-03,South,Small Business,Books,Python Handbook,1,699,0.1,629.1
ORD12928,2024-03-03,West,Consumer,Fashion,Cotton Kurta,3,899,0.0,2697.0
ORD12387,2024-03-03,South,Corporate,Fashion,Backpack,1,1399,0.05,1329.05
ORD10577,2024-03-03,North,Consumer,Books,Novel,2,399,0.0,798.0
ORD12865,2024-03-03,North,Small Business,Fashion,Denim Jeans,2,1599,0.0,3198.0
ORD11202,2024-03-03,South,Consumer,Books,Finance 101,3,799,0.0,2397.0
ORD10674,2024-03-04,West,Consumer,Fashion,Denim Jeans,3,1599,0.0,4797.0
ORD11488,2024-03-04,East,Small Business,Books,SQL Basics,5,549,0.0,2745.0
ORD11482,2024-03-04,West,Consumer,Electronics,Power Bank,5,1299,0.05,6170.25
ORD10543,2024-03-05,North,Corporate,Fashion,Denim Jeans,5,1599,0.2,6396.0
ORD10072,2024-03-05,West,Corporate,Fashion,Cotton Kurta,4,899,0.1,3236.4
ORD12887,2024-03-05,West,Small Business,Electronics,Bluetooth Speaker,4,3499,0.05,13296.2
ORD11503,2024-03-05,East,Corporate,Books,Python Handbook,1,699,0.0,699.0
ORD11332,2024-03-05,South,Consumer,Home & Kitchen,Water Bottle,5,499,0.2,1996.0
ORD12730,2024-03-06,South,Consumer,Fashion,Running Shoes,5,2799,0.0,13995.0
ORD10461,2024-03-06,South,Corporate,Fashion,Denim Jeans,2,1599,0.0,3198.0
ORD10000,2024-03-06,East,Consumer,Home & Kitchen,Non-stick Pan,3,1199,0.2,2877.6
ORD12282,2024-03-06,North,Corporate,Electronics,Bluetooth Speaker,5,3499,0.05,16620.25
ORD10150,2024-03-06,North,Corporate,Electronics,Wireless Earbuds,5,2499,0.0,12495.0
ORD11780,2024-03-06,North,Consumer,Books,SQL Basics,4,549,0.0,2196.0
ORD10013,2024-03-07,South,Consumer,Electronics,Power Bank,4,1299,0.0,5196.0
ORD11774,2024-03-07,South,Small Business,Fashion,Running Shoes,5,2799,0.1,12595.5
ORD12932,2024-03-07,South,Corporate,Fashion,Denim Jeans,4,1599,0.0,6396.0
ORD10593,2024-03-07,South,Consumer,Home & Kitchen,Pressure Cooker,4,1899,0.05,7216.2
ORD12602,2024-03-08,East,Corporate,Home & Kitchen,Water Bottle,4,499,0.05,1896.2
ORD11032,2024-03-08,West,Corporate,Electronics,Smartwatch,2,5999,0.0,11998.0
ORD12628,2024-03-08,North,Consumer,Electronics,Smartwatch,5,5999,0.05,28495.25
ORD12076,2024-03-08,South,Consumer,Fashion,Cotton Kurta,3,899,0.2,2157.6
ORD12735,2024-03-08,South,Consumer,Home & Kitchen,Non-stick Pan,3,1199,0.0,3597.0
ORD10546,2024-03-08,East,Corporate,Home & Kitchen,Water Bottle,2,499,0.0,998.0
ORD10775,2024-03-09,West,Consumer,Electronics,Smartwatch,4,5999,0.1,21596.4
ORD11788,2024-03-09,South,Consumer,Home & Kitchen,Water Bottle,3,499,0.2,1197.6
ORD11797,2024-03-09,South,Corporate,Home & Kitchen,Mixer Grinder,1,3299,0.0,3299.0
ORD10335,2024-03-09,West,Small Business,Electronics,Power Bank,4,1299,0.05,4936.2
ORD10566,2024-03-09,West,Consumer,Home & Kitchen,Pressure Cooker,2,1899,0.0,3798.0
ORD12155,2024-03-09,West,Consumer,Home & Kitchen,Non-stick Pan,1,1199,0.0,1199.0
ORD12938,2024-03-10,North,Consumer,Home & Kitchen,Non-stick Pan,1,1199,0.1,1079.1
ORD11335,2024-03-10,West,Consumer,Fashion,Running Shoes,4,2799,0.1,10076.4
ORD11940,2024-03-10,South,Consumer,Home & Kitchen,Mixer Grinder,3,3299,0.0,9897.0
ORD11460,2024-03-11,North,Small Business,Electronics,Power Bank,3,1299,0.0,3897.0
ORD10652,2024-03-11,South,Corporate,Electronics,Wireless Earbuds,2,2499,0.0,4998.0
ORD11211,2024-03-11,South,Consumer,Electronics,Smartwatch,5,5999,0.0,29995.0
ORD11888,2024-03-12,South,Corporate,Home & Kitchen,Mixer Grinder,3,3299,0.0,9897.0
ORD10399,2024-03-12,East,Corporate,Books,Novel,2,399,0.0,798.0
ORD12609,2024-03-12,South,Corporate,Fashion,Denim Jeans,4,1599,0.0,6396.0
ORD10388,2024-03-12,West,Consumer,Fashion,Cotton Kurta,4,899,0.0,3596.0
ORD11386,2024-03-13,South,Consumer,Books,Novel,1,399,0.0,399.0
ORD11807,2024-03-13,East,Corporate,Fashion,Cotton Kurta,5,899,0.0,4495.0
ORD10586,2024-03-13,North,Corporate,Electronics,Smartwatch,1,5999,0.2,4799.2
ORD10058,2024-03-13,East,Corporate,Books,SQL Basics,5,549,0.05,2607.75
ORD10297,2024-03-13,North,Consumer,Electronics,Bluetooth Speaker,2,3499,0.0,6998.0
ORD11725,2024-03-14,West,Corporate,Electronics,Power Bank,5,1299,0.0,6495.0
ORD10504,2024-03-14,West,Consumer,Electronics,Power Bank,3,1299,0.05,3702.15
ORD11150,2024-03-14,North,Corporate,Fashion,Cotton Kurta,1,899,0.2,719.2
ORD10582,2024-03-14,South,Consumer,Home & Kitchen,Pressure Cooker,2,1899,0.2,3038.4
ORD12803,2024-03-14,North,Small Business,Electronics,Power Bank,5,1299,0.1,5845.5
ORD10185,2024-03-14,North,Corporate,Electronics,Power Bank,3,1299,0.0,3897.0
ORD10141,2024-03-15,West,Consumer,Home & Kitchen,Non-stick Pan,3,1199,0.0,3597.0
ORD10511,2024-03-15,East,Consumer,Fashion,Cotton Kurta,5,899,0.0,4495.0
ORD11013,2024-03-15,East,Consumer,Electronics,Wireless Earbuds,3,2499,0.0,7497.0
ORD12737,2024-03-15,West,Corporate,Electronics,Smartwatch,3,5999,0.05,17097.15
ORD12659,2024-03-16,North,Consumer,Fashion,Backpack,5,1399,0.0,6995.0
ORD12020,2024-03-16,North,Corporate,Electronics,Smartwatch,3,5999,0.1,16197.3
ORD12933,2024-03-16,South,Consumer,Electronics,Smartwatch,3,5999,0.0,17997.0
ORD10256,2024-03-17,South,Small Business,Electronics,Power Bank,4,1299,0.2,4156.8
ORD12208,2024-03-17,East,Consumer,Fashion,Running Shoes,2,2799,0.1,5038.2
ORD12226,2024-03-17,South,Consumer,Electronics,Wireless Earbuds,4,2499,0.1,8996.4
ORD10170,2024-03-17,East,Consumer,Fashion,Denim Jeans,1,1599,0.0,1599.0
ORD10482,2024-03-17,East,Consumer,Home & Kitchen,Pressure Cooker,5,1899,0.2,7596.0
ORD10522,2024-03-18,South,Corporate,Home & Kitchen,Non-stick Pan,2,1199,0.05,2278.1
ORD10361,2024-03-18,South,Corporate,Electronics,Bluetooth Speaker,3,3499,0.05,9972.15
ORD10907,2024-03-18,South,Consumer,Electronics,Wireless Earbuds,4,2499,0.1,8996.4
ORD12230,2024-03-18,East,Consumer,Home & Kitchen,Water Bottle,3,499,0.2,1197.6
ORD12621,2024-03-18,South,Consumer,Electronics,Bluetooth Speaker,5,3499,0.0,17495.0
ORD11074,2024-03-18,South,Consumer,Fashion,Cotton Kurta,4,899,0.0,3596.0
ORD11500,2024-03-18,North,Corporate,Electronics,Wireless Earbuds,5,2499,0.05,11870.25
ORD11630,2024-03-18,East,Small Business,Books,Python Handbook,2,699,0.1,1258.2
ORD11300,2024-03-18,North,Consumer,Electronics,Smartwatch,1,5999,0.0,5999.0
ORD12748,2024-03-18,North,Corporate,Electronics,Smartwatch,2,5999,0.0,11998.0
ORD12661,2024-03-18,West,Consumer,Fashion,Running Shoes,1,2799,0.0,2799.0
ORD10032,2024-03-19,West,Corporate,Electronics,Wireless Earbuds,3,2499,0.05,7122.15
ORD12636,2024-03-19,South,Consumer,Fashion,Running Shoes,3,2799,0.0,8397.0
ORD12235,2024-03-19,West,Consumer,Books,Python Handbook,2,699,0.0,1398.0
ORD11108,2024-03-19,South,Corporate,Electronics,Power Bank,1,1299,0.05,1234.05
ORD12193,2024-03-20,North,Consumer,Electronics,Smartwatch,2,5999,0.1,10798.2
ORD10365,2024-03-20,West,Consumer,Fashion,Denim Jeans,4,1599,0.2,5116.8
ORD11354,2024-03-20,West,Consumer,Home & Kitchen,Mixer Grinder,5,3299,0.1,14845.5
ORD11291,2024-03-20,East,Consumer,Books,Python Handbook,3,699,0.0,2097.0
ORD12593,2024-03-20,North,Consumer,Electronics,Power Bank,4,1299,0.0,5196.0
ORD12838,2024-03-20,West,Small Business,Fashion,Backpack,2,1399,0.1,2518.2
ORD12180,2024-03-21,East,Small Business,Books,SQL Basics,1,549,0.1,494.1
ORD10591,2024-03-21,East,Consumer,Electronics,Smartwatch,5,5999,0.0,29995.0
ORD12584,2024-03-21,North,Corporate,Fashion,Running Shoes,4,2799,0.1,10076.4
ORD10144,2024-03-22,South,Consumer,Fashion,Running Shoes,2,2799,0.2,4478.4
ORD12273,2024-03-22,East,Corporate,Electronics,Smartwatch,5,5999,0.0,29995.0
ORD11515,2024-03-22,South,Consumer,Home & Kitchen,Non-stick Pan,3,1199,0.2,2877.6
ORD10883,2024-03-22,North,Consumer,Home & Kitchen,Non-stick Pan,5,1199,0.0,5995.0
ORD12931,2024-03-22,South,Consumer,Fashion,Backpack,3,1399,0.0,4197.0
ORD11238,2024-03-23,North,Small Business,Fashion,Backpack,5,1399,0.05,6645.25
ORD10892,2024-03-24,North,Consumer,Fashion,Cotton Kurta,3,899,0.2,2157.6
ORD10279,2024-03-24,South,Small Business,Electronics,Wireless Earbuds,3,2499,0.1,6747.3
ORD10716,2024-03-24,West,Consumer,Electronics,Bluetooth Speaker,3,3499,0.0,10497.0
ORD12489,2024-03-24,East,Small Business,Home & Kitchen,Pressure Cooker,1,1899,0.0,1899.0
ORD11880,2024-03-25,East,Consumer,Electronics,Wireless Earbuds,1,2499,0.1,2249.1
ORD10659,2024-03-25,South,Corporate,Home & Kitchen,Pressure Cooker,2,1899,0.05,3608.1
ORD11393,2024-03-25,East,Corporate,Fashion,Running Shoes,4,2799,0.2,8956.8
ORD11274,2024-03-25,West,Consumer,Home & Kitchen,Pressure Cooker,2,1899,0.0,3798.0
ORD10273,2024-03-26,South,Consumer,Electronics,Power Bank,3,1299,0.0,3897.0
ORD12108,2024-03-26,South,Consumer,Fashion,Denim Jeans,1,1599,0.0,1599.0
ORD11905,2024-03-26,West,Consumer,Home & Kitchen,Pressure Cooker,2,1899,0.0,3798.0
ORD10798,2024-03-27,East,Consumer,Fashion,Running Shoes,3,2799,0.2,6717.6
ORD10232,2024-03-27,West,Consumer,Electronics,Wireless Earbuds,5,2499,0.0,12495.0
ORD12147,2024-03-27,West,Consumer,Home & Kitchen,Non-stick Pan,4,1199,0.05,4556.2
ORD12303,2024-03-27,East,Consumer,Electronics,Smartwatch,3,5999,0.1,16197.3
ORD10860,2024-03-27,North,Small Business,Home & Kitchen,Mixer Grinder,1,3299,0.0,3299.0
ORD12719,2024-03-28,East,Consumer,Fashion,Cotton Kurta,1,899,0.0,899.0
ORD12165,2024-03-28,West,Corporate,Electronics,Wireless Earbuds,5,2499,0.05,11870.25
ORD12100,2024-03-28,South,Consumer,Fashion,Running Shoes,4,2799,0.0,11196.0
ORD11183,2024-03-29,West,Small Business,Fashion,Denim Jeans,4,1599,0.1,5756.4
ORD12128,2024-03-29,North,Consumer,Home & Kitchen,Pressure Cooker,5,1899,0.2,7596.0
ORD12370,2024-03-29,South,Consumer,Home & Kitchen,Water Bottle,3,499,0.05,1422.15
ORD10621,2024-03-29,East,Corporate,Electronics,Bluetooth Speaker,1,3499,0.1,3149.1
ORD10420,2024-03-30,West,Consumer,Fashion,Backpack,4,1399,0.0,5596.0
ORD12392,2024-03-30,North,Corporate,Electronics,Bluetooth Speaker,1,3499,0.05,3324.05
ORD11319,2024-03-30,North,Consumer,Electronics,Smartwatch,3,5999,0.05,17097.15
ORD11021,2024-03-30,West,Consumer,Books,Finance 101,3,799,0.0,2397.0
ORD10077,2024-03-30,North,Consumer,Home & Kitchen,Mixer Grinder,1,3299,0.1,2969.1
ORD10913,2024-03-31,North,Small Business,Home & Kitchen,Mixer Grinder,3,3299,0.0,9897.0
ORD10286,2024-03-31,East,Corporate,Electronics,Power Bank,4,1299,0.0,5196.0
ORD12038,2024-04-01,South,Consumer,Fashion,Denim Jeans,3,1599,0.1,4317.3
ORD11302,2024-04-01,North,Consumer,Electronics,Wireless Earbuds,2,2499,0.05,4748.1
ORD12833,2024-04-02,South,Corporate,Fashion,Cotton Kurta,5,899,0.0,4495.0
ORD12328,2024-04-02,South,Small Business,Home & Kitchen,Pressure Cooker,2,1899,0.05,3608.1
ORD10250,2024-04-03,South,Consumer,Electronics,Bluetooth Speaker,5,3499,0.0,17495.0
ORD10624,2024-04-03,South,Small Business,Home & Kitchen,Non-stick Pan,4,1199,0.0,4796.0
ORD10854,2024-04-03,West,Small Business,Electronics,Power Bank,4,1299,0.0,5196.0
ORD10584,2024-04-03,East,Small Business,Fashion,Cotton Kurta,4,899,0.1,3236.4
ORD10264,2024-04-03,West,Consumer,Electronics,Smartwatch,5,5999,0.1,26995.5
ORD11154,2024-04-03,North,Consumer,Electronics,Power Bank,1,1299,0.0,1299.0
ORD11376,2024-04-03,East,Consumer,Home & Kitchen,Non-stick Pan,4,1199,0.0,4796.0
ORD12525,2024-04-03,South,Small Business,Home & Kitchen,Mixer Grinder,5,3299,0.2,13196.0
ORD11323,2024-04-04,South,Corporate,Electronics,Smartwatch,2,5999,0.0,11998.0
ORD11623,2024-04-04,East,Consumer,Fashion,Cotton Kurta,4,899,0.2,2876.8
ORD12722,2024-04-04,East,Corporate,Electronics,Power Bank,5,1299,0.05,6170.25
ORD12691,2024-04-05,North,Consumer,Fashion,Cotton Kurta,1,899,0.0,899.0
ORD10043,2024-04-05,East,Small Business,Home & Kitchen,Non-stick Pan,2,1199,0.0,2398.0
ORD10322,2024-04-05,North,Corporate,Electronics,Wireless Earbuds,3,2499,0.0,7497.0
ORD10304,2024-04-05,West,Consumer,Home & Kitchen,Non-stick Pan,2,1199,0.05,2278.1
ORD12173,2024-04-05,South,Small Business,Electronics,Smartwatch,4,5999,0.0,23996.0
ORD10635,2024-04-06,North,Small Business,Electronics,Power Bank,3,1299,0.0,3897.0
ORD10041,2024-04-06,North,Corporate,Home & Kitchen,Non-stick Pan,4,1199,0.1,4316.4
ORD12249,2024-04-06,South,Consumer,Fashion,Running Shoes,3,2799,0.1,7557.3
ORD11444,2024-04-06,South,Consumer,Electronics,Power Bank,5,1299,0.0,6495.0
ORD10347,2024-04-06,East,Consumer,Fashion,Cotton Kurta,4,899,0.0,3596.0
ORD10671,2024-04-07,West,Consumer,Electronics,Power Bank,2,1299,0.0,2598.0
ORD11728,2024-04-07,East,Corporate,Fashion,Running Shoes,1,2799,0.0,2799.0
ORD10767,2024-04-07,South,Corporate,Fashion,Backpack,4,1399,0.0,5596.0
ORD10394,2024-04-07,South,Consumer,Electronics,Wireless Earbuds,3,2499,0.0,7497.0
ORD11537,2024-04-07,South,Corporate,Electronics,Bluetooth Speaker,3,3499,0.05,9972.15
ORD11872,2024-04-07,West,Small Business,Fashion,Running Shoes,3,2799,0.0,8397.0
ORD12028,2024-04-08,North,Consumer,Electronics,Power Bank,2,1299,0.1,2338.2
ORD11563,2024-04-08,North,Small Business,Books,SQL Basics,1,549,0.0,549.0
ORD12186,2024-04-08,South,Corporate,Electronics,Smartwatch,5,5999,0.0,29995.0
ORD10784,2024-04-08,West,Consumer,Books,SQL Basics,3,549,0.2,1317.6
ORD12136,2024-04-08,South,Consumer,Home & Kitchen,Pressure Cooker,3,1899,0.1,5127.3
ORD12638,2024-04-08,North,Small Business,Electronics,Power Bank,4,1299,0.0,5196.0
ORD10513,2024-04-08,West,Small Business,Electronics,Smartwatch,2,5999,0.2,9598.4
ORD11251,2024-04-09,West,Consumer,Home & Kitchen,Water Bottle,3,499,0.0,1497.0
ORD11265,2024-04-09,South,Consumer,Electronics,Power Bank,5,1299,0.05,6170.25
ORD10081,2024-04-09,North,Consumer,Electronics,Power Bank,4,1299,0.2,4156.8
ORD10499,2024-04-10,North,Consumer,Home & Kitchen,Water Bottle,1,499,0.2,399.2
ORD10750,2024-04-10,North,Corporate,Home & Kitchen,Pressure Cooker,2,1899,0.2,3038.4
ORD11255,2024-04-10,North,Small Business,Fashion,Backpack,3,1399,0.1,3777.3
ORD12211,2024-04-10,South,Consumer,Home & Kitchen,Pressure Cooker,4,1899,0.2,6076.8
ORD10458,2024-04-11,North,Consumer,Fashion,Backpack,2,1399,0.05,2658.1
ORD10207,2024-04-11,East,Small Business,Books,Finance 101,2,799,0.2,1278.4
ORD12867,2024-04-12,North,Consumer,Fashion,Cotton Kurta,5,899,0.0,4495.0
ORD12847,2024-04-12,West,Consumer,Fashion,Running Shoes,3,2799,0.0,8397.0
ORD11882,2024-04-12,West,Consumer,Fashion,Backpack,3,1399,0.0,4197.0
ORD12348,2024-04-12,South,Corporate,Fashion,Cotton Kurta,5,899,0.2,3596.0
ORD10761,2024-04-12,North,Small Business,Electronics,Smartwatch,1,5999,0.0,5999.0
ORD12150,2024-04-12,South,Consumer,Fashion,Running Shoes,4,2799,0.1,10076.4
ORD10381,2024-04-12,West,Consumer,Books,Novel,3,399,0.0,1197.0
ORD12537,2024-04-12,East,Corporate,Home & Kitchen,Non-stick Pan,1,1199,0.0,1199.0
ORD11075,2024-04-13,North,Corporate,Fashion,Denim Jeans,1,1599,0.05,1519.05
ORD12493,2024-04-13,North,Consumer,Electronics,Smartwatch,1,5999,0.0,5999.0
ORD12484,2024-04-13,West,Consumer,Electronics,Power Bank,4,1299,0.1,4676.4
ORD12693,2024-04-13,South,Consumer,Electronics,Wireless Earbuds,5,2499,0.0,12495.0
ORD10653,2024-04-13,South,Corporate,Fashion,Backpack,2,1399,0.2,2238.4
ORD11228,2024-04-14,West,Corporate,Electronics,Wireless Earbuds,2,2499,0.2,3998.4
ORD11567,2024-04-14,North,Consumer,Home & Kitchen,Non-stick Pan,3,1199,0.2,2877.6
ORD10486,2024-04-14,North,Consumer,Books,SQL Basics,3,549,0.2,1317.6
ORD10226,2024-04-15,North,Consumer,Electronics,Smartwatch,3,5999,0.0,17997.0
ORD11680,2024-04-15,South,Small Business,Electronics,Smartwatch,3,5999,0.0,17997.0
ORD10398,2024-04-15,South,Consumer,Home & Kitchen,Mixer Grinder,4,3299,0.0,13196.0
ORD12096,2024-04-15,South,Consumer,Fashion,Cotton Kurta,4,899,0.1,3236.4
ORD11885,2024-04-15,North,Corporate,Electronics,Wireless Earbuds,4,2499,0.0,9996.0
ORD11085,2024-04-16,North,Small Business,Electronics,Wireless Earbuds,3,2499,0.0,7497.0
ORD11898,2024-04-16,South,Consumer,Fashion,Backpack,3,1399,0.05,3987.15
ORD11056,2024-04-16,North,Corporate,Home & Kitchen,Mixer Grinder,4,3299,0.05,12536.2
ORD11747,2024-04-16,North,Consumer,Books,Finance 101,5,799,0.05,3795.25
ORD12125,2024-04-17,North,Consumer,Home & Kitchen,Mixer Grinder,3,3299,0.05,9402.15
ORD11406,2024-04-17,East,Consumer,Fashion,Running Shoes,2,2799,0.1,5038.2
ORD11433,2024-04-17,North,Consumer,Books,Novel,2,399,0.1,718.2
ORD12840,2024-04-17,North,Consumer,Fashion,Running Shoes,2,2799,0.2,4478.4
ORD10190,2024-04-17,North,Consumer,Home & Kitchen,Mixer Grinder,5,3299,0.0,16495.0
ORD12968,2024-04-17,North,Corporate,Home & Kitchen,Pressure Cooker,2,1899,0.0,3798.0
ORD12785,2024-04-18,East,Consumer,Fashion,Running Shoes,4,2799,0.2,8956.8
ORD10580,2024-04-18,North,Small Business,Electronics,Power Bank,1,1299,0.05,1234.05
ORD10454,2024-04-18,South,Small Business,Electronics,Smartwatch,1,5999,0.1,5399.1
ORD10732,2024-04-18,West,Consumer,Fashion,Running Shoes,4,2799,0.1,10076.4
ORD11282,2024-04-19,West,Consumer,Fashion,Backpack,2,1399,0.0,2798.0
ORD12228,2024-04-19,East,Small Business,Electronics,Smartwatch,5,5999,0.2,23996.0
ORD10515,2024-04-19,North,Consumer,Home & Kitchen,Pressure Cooker,2,1899,0.0,3798.0
ORD11612,2024-04-19,South,Consumer,Fashion,Denim Jeans,4,1599,0.0,6396.0
ORD11247,2024-04-20,North,Corporate,Books,Python Handbook,5,699,0.0,3495.0
ORD11703,2024-04-20,South,Consumer,Home & Kitchen,Mixer Grinder,1,3299,0.05,3134.05
ORD10403,2024-04-20,North,Small Business,Home & Kitchen,Non-stick Pan,1,1199,0.0,1199.0
ORD10911,2024-04-20,East,Consumer,Electronics,Smartwatch,3,5999,0.0,17997.0
ORD10601,2024-04-20,West,Consumer,Home & Kitchen,Non-stick Pan,3,1199,0.0,3597.0
ORD12075,2024-04-20,North,Small Business,Home & Kitchen,Water Bottle,4,499,0.2,1596.8
ORD11941,2024-04-21,North,Corporate,Books,Finance 101,1,799,0.2,639.2
ORD11724,2024-04-21,West,Small Business,Home & Kitchen,Water Bottle,4,499,0.0,1996.0
ORD11998,2024-04-21,South,Corporate,Home & Kitchen,Pressure Cooker,1,1899,0.0,1899.0
ORD10103,2024-04-22,West,Consumer,Home & Kitchen,Water Bottle,5,499,0.0,2495.0
ORD10218,2024-04-22,North,Corporate,Books,SQL Basics,5,549,0.05,2607.75
ORD12750,2024-04-22,West,Consumer,Fashion,Running Shoes,2,2799,0.1,5038.2
ORD12340,2024-04-22,North,Consumer,Electronics,Power Bank,1,1299,0.0,1299.0
ORD12544,2024-04-22,South,Corporate,Electronics,Bluetooth Speaker,2,3499,0.0,6998.0
ORD12022,2024-04-22,West,Corporate,Home & Kitchen,Water Bottle,3,499,0.0,1497.0
ORD10917,2024-04-23,South,Corporate,Home & Kitchen,Mixer Grinder,1,3299,0.0,3299.0
ORD10138,2024-04-23,South,Consumer,Home & Kitchen,Pressure Cooker,4,1899,0.05,7216.2
ORD11155,2024-04-23,North,Consumer,Fashion,Running Shoes,1,2799,0.0,2799.0
ORD11287,2024-04-23,West,Consumer,Home & Kitchen,Non-stick Pan,4,1199,0.0,4796.0
ORD10363,2024-04-24,North,Consumer,Fashion,Backpack,2,1399,0.2,2238.4
ORD12625,2024-04-24,East,Small Business,Fashion,Cotton Kurta,4,899,0.2,2876.8
ORD11587,2024-04-24,South,Consumer,Electronics,Smartwatch,5,5999,0.0,29995.0
ORD12749,2024-04-25,West,Consumer,Books,SQL Basics,4,549,0.2,1756.8
ORD10738,2024-04-25,North,Consumer,Home & Kitchen,Non-stick Pan,2,1199,0.0,2398.0
ORD10944,2024-04-25,West,Corporate,Electronics,Wireless Earbuds,2,2499,0.0,4998.0
ORD11556,2024-04-26,South,Small Business,Books,SQL Basics,1,549,0.0,549.0
ORD11723,2024-04-26,North,Consumer,Electronics,Smartwatch,5,5999,0.05,28495.25
ORD10574,2024-04-27,South,Corporate,Home & Kitchen,Pressure Cooker,4,1899,0.0,7596.0
ORD11492,2024-04-27,East,Consumer,Home & Kitchen,Mixer Grinder,1,3299,0.05,3134.05
ORD10326,2024-04-27,West,Consumer,Books,Python Handbook,4,699,0.2,2236.8
ORD10008,2024-04-27,West,Corporate,Fashion,Backpack,1,1399,0.0,1399.0
ORD10980,2024-04-27,North,Consumer,Fashion,Denim Jeans,1,1599,0.0,1599.0
ORD11974,2024-04-28,North,Small Business,Home & Kitchen,Pressure Cooker,4,1899,0.2,6076.8
ORD10287,2024-04-28,North,Small Business,Electronics,Smartwatch,4,5999,0.1,21596.4
ORD10937,2024-04-28,South,Consumer,Electronics,Smartwatch,3,5999,0.05,17097.15
ORD12465,2024-04-29,West,Consumer,Home & Kitchen,Mixer Grinder,3,3299,0.1,8907.3
ORD11993,2024-04-29,West,Consumer,Books,Finance 101,1,799,0.0,799.0
ORD10406,2024-04-29,South,Consumer,Electronics,Smartwatch,3,5999,0.2,14397.6
ORD11411,2024-04-29,North,Consumer,Fashion,Denim Jeans,5,1599,0.0,7995.0
ORD10819,2024-04-29,South,Consumer,Electronics,Power Bank,4,1299,0.0,5196.0
ORD11409,2024-04-30,South,Corporate,Home & Kitchen,Pressure Cooker,4,1899,0.0,7596.0
ORD12171,2024-04-30,South,Corporate,Fashion,Denim Jeans,3,1599,0.2,3837.6
ORD10182,2024-04-30,North,Consumer,Fashion,Running Shoes,3,2799,0.05,7977.15
ORD11004,2024-04-30,West,Small Business,Fashion,Running Shoes,1,2799,0.0,2799.0
ORD10619,2024-04-30,North,Consumer,Home & Kitchen,Water Bottle,5,499,0.0,2495.0
ORD11968,2024-04-30,North,Consumer,Fashion,Cotton Kurta,4,899,0.05,3416.2
ORD10428,2024-05-01,West,Consumer,Home & Kitchen,Mixer Grinder,3,3299,0.0,9897.0
ORD12423,2024-05-01,West,Consumer,Home & Kitchen,Non-stick Pan,1,1199,0.0,1199.0
ORD11596,2024-05-01,East,Consumer,Electronics,Power Bank,4,1299,0.2,4156.8
ORD10508,2024-05-01,North,Consumer,Fashion,Denim Jeans,5,1599,0.1,7195.5
ORD12828,2024-05-01,South,Consumer,Books,Finance 101,1,799,0.0,799.0
ORD10535,2024-05-02,North,Consumer,Electronics,Wireless Earbuds,2,2499,0.05,4748.1
ORD12608,2024-05-02,South,Consumer,Electronics,Smartwatch,5,5999,0.0,29995.0
ORD11169,2024-05-02,East,Consumer,Fashion,Cotton Kurta,3,899,0.0,2697.0
ORD12070,2024-05-03,South,Small Business,Home & Kitchen,Mixer Grinder,2,3299,0.2,5278.4
ORD10995,2024-05-03,East,Consumer,Electronics,Wireless Earbuds,5,2499,0.0,12495.0
ORD11233,2024-05-03,East,Consumer,Home & Kitchen,Mixer Grinder,1,3299,0.0,3299.0
ORD12853,2024-05-04,North,Corporate,Fashion,Denim Jeans,4,1599,0.1,5756.4
ORD12414,2024-05-04,North,Corporate,Fashion,Running Shoes,1,2799,0.2,2239.2
ORD11023,2024-05-04,North,Consumer,Electronics,Bluetooth Speaker,1,3499,0.0,3499.0
ORD12930,2024-05-05,North,Corporate,Fashion,Cotton Kurta,1,899,0.0,899.0
ORD12407,2024-05-05,West,Corporate,Books,SQL Basics,4,549,0.1,1976.4
ORD12775,2024-05-06,South,Consumer,Fashion,Running Shoes,5,2799,0.2,11196.0
ORD11187,2024-05-06,South,Consumer,Electronics,Smartwatch,5,5999,0.0,29995.0
ORD11823,2024-05-06,West,Small Business,Home & Kitchen,Water Bottle,4,499,0.2,1596.8
ORD10319,2024-05-06,West,Corporate,Home & Kitchen,Mixer Grinder,3,3299,0.0,9897.0
ORD12079,2024-05-07,South,Consumer,Books,SQL Basics,3,549,0.05,1564.65
ORD10999,2024-05-07,West,Consumer,Electronics,Bluetooth Speaker,5,3499,0.0,17495.0
ORD10845,2024-05-07,South,Corporate,Home & Kitchen,Water Bottle,2,499,0.1,898.2
ORD11916,2024-05-08,East,Consumer,Electronics,Smartwatch,1,5999,0.0,5999.0
ORD10243,2024-05-08,South,Consumer,Electronics,Smartwatch,2,5999,0.0,11998.0
ORD11741,2024-05-08,North,Consumer,Home & Kitchen,Non-stick Pan,1,1199,0.0,1199.0
ORD12988,2024-05-08,West,Small Business,Electronics,Bluetooth Speaker,2,3499,0.05,6648.1
ORD10776,2024-05-09,South,Small Business,Electronics,Bluetooth Speaker,5,3499,0.2,13996.0
ORD12599,2024-05-09,East,Corporate,Electronics,Bluetooth Speaker,5,3499,0.2,13996.0
ORD11858,2024-05-09,North,Consumer,Fashion,Running Shoes,2,2799,0.0,5598.0
ORD12682,2024-05-10,North,Corporate,Fashion,Running Shoes,3,2799,0.0,8397.0
ORD12940,2024-05-10,South,Corporate,Electronics,Smartwatch,3,5999,0.0,17997.0
ORD10380,2024-05-10,South,Consumer,Electronics,Wireless Earbuds,3,2499,0.0,7497.0
ORD10865,2024-05-11,North,Consumer,Fashion,Denim Jeans,4,1599,0.1,5756.4
ORD10847,2024-05-11,South,Corporate,Books,SQL Basics,1,549,0.05,521.55
ORD11696,2024-05-11,South,Consumer,Electronics,Power Bank,4,1299,0.1,4676.4
ORD12308,2024-05-12,West,Corporate,Books,Finance 101,1,799,0.0,799.0
ORD11395,2024-05-12,East,Consumer,Home & Kitchen,Water Bottle,5,499,0.0,2495.0
ORD11889,2024-05-12,East,Consumer,Home & Kitchen,Mixer Grinder,3,3299,0.1,8907.3
ORD10603,2024-05-13,East,Small Business,Electronics,Power Bank,5,1299,0.0,6495.0
ORD10788,2024-05-14,North,Small Business,Electronics,Wireless Earbuds,4,2499,0.0,9996.0
ORD12826,2024-05-14,East,Consumer,Books,Novel,4,399,0.2,1276.8
ORD12727,2024-05-14,West,Consumer,Electronics,Wireless Earbuds,2,2499,0.05,4748.1
ORD10517,2024-05-15,West,Consumer,Home & Kitchen,Pressure Cooker,4,1899,0.0,7596.0
ORD12217,2024-05-15,South,Consumer,Books,Python Handbook,2,699,0.0,1398.0
ORD12195,2024-05-15,West,Consumer,Fashion,Running Shoes,2,2799,0.1,5038.2
ORD12395,2024-05-15,West,Consumer,Electronics,Bluetooth Speaker,3,3499,0.0,10497.0
ORD10611,2024-05-16,South,Corporate,Electronics,Smartwatch,4,5999,0.05,22796.2
ORD11694,2024-05-16,North,Corporate,Fashion,Denim Jeans,5,1599,0.0,7995.0
ORD10846,2024-05-16,North,Consumer,Home & Kitchen,Non-stick Pan,4,1199,0.0,4796.0
ORD10887,2024-05-17,North,Consumer,Home & Kitchen,Non-stick Pan,3,1199,0.2,2877.6
ORD12245,2024-05-17,East,Corporate,Fashion,Cotton Kurta,3,899,0.0,2697.0
ORD10130,2024-05-17,North,Consumer,Fashion,Running Shoes,5,2799,0.05,13295.25
ORD10677,2024-05-17,West,Consumer,Fashion,Cotton Kurta,2,899,0.0,1798.0
ORD10162,2024-05-18,West,Consumer,Home & Kitchen,Mixer Grinder,1,3299,0.0,3299.0
ORD10402,2024-05-18,South,Consumer,Home & Kitchen,Mixer Grinder,1,3299,0.2,2639.2
ORD10968,2024-05-18,East,Consumer,Electronics,Smartwatch,4,5999,0.0,23996.0
ORD11827,2024-05-18,South,Consumer,Fashion,Cotton Kurta,1,899,0.05,854.05
ORD12275,2024-05-18,East,Corporate,Home & Kitchen,Water Bottle,4,499,0.0,1996.0
ORD10298,2024-05-18,North,Consumer,Fashion,Backpack,1,1399,0.1,1259.1
ORD11208,2024-05-18,West,Consumer,Fashion,Running Shoes,4,2799,0.1,10076.4
ORD12283,2024-05-19,North,Consumer,Home & Kitchen,Non-stick Pan,1,1199,0.0,1199.0
ORD11648,2024-05-20,South,Consumer,Home & Kitchen,Non-stick Pan,2,1199,0.0,2398.0
ORD11196,2024-05-20,South,Consumer,Electronics,Bluetooth Speaker,1,3499,0.1,3149.1
ORD12500,2024-05-20,South,Consumer,Electronics,Power Bank,5,1299,0.05,6170.25
ORD11962,2024-05-20,West,Consumer,Fashion,Denim Jeans,4,1599,0.0,6396.0
ORD11595,2024-05-20,North,Small Business,Fashion,Denim Jeans,3,1599,0.0,4797.0
ORD11801,2024-05-20,South,Consumer,Home & Kitchen,Non-stick Pan,1,1199,0.2,959.2
ORD11710,2024-05-20,South,Consumer,Electronics,Wireless Earbuds,1,2499,0.1,2249.1
ORD10928,2024-05-21,South,Consumer,Home & Kitchen,Pressure Cooker,1,1899,0.0,1899.0
ORD12516,2024-05-21,East,Small Business,Electronics,Smartwatch,5,5999,0.0,29995.0
ORD12472,2024-05-22,West,Corporate,Books,Novel,3,399,0.0,1197.0
ORD11535,2024-05-22,West,Consumer,Home & Kitchen,Mixer Grinder,2,3299,0.1,5938.2
ORD11890,2024-05-22,South,Small Business,Electronics,Power Bank,5,1299,0.0,6495.0
ORD12794,2024-05-22,North,Consumer,Fashion,Cotton Kurta,1,899,0.2,719.2
ORD10844,2024-05-22,South,Consumer,Home & Kitchen,Mixer Grinder,3,3299,0.1,8907.3
ORD12819,2024-05-22,North,Consumer,Electronics,Power Bank,1,1299,0.2,1039.2
ORD10174,2024-05-23,South,Small Business,Electronics,Smartwatch,1,5999,0.0,5999.0
ORD10383,2024-05-23,North,Corporate,Books,Novel,1,399,0.05,379.05
ORD12358,2024-05-23,East,Small Business,Electronics,Power Bank,1,1299,0.05,1234.05
ORD11546,2024-05-23,North,Consumer,Fashion,Backpack,4,1399,0.2,4476.8
ORD12062,2024-05-23,North,Corporate,Electronics,Smartwatch,4,5999,0.2,19196.8
ORD10990,2024-05-24,North,Consumer,Books,Novel,4,399,0.0,1596.0
ORD11421,2024-05-24,South,Consumer,Fashion,Denim Jeans,1,1599,0.1,1439.1
ORD12645,2024-05-24,East,Consumer,Electronics,Bluetooth Speaker,1,3499,0.0,3499.0
ORD11124,2024-05-24,North,Consumer,Electronics,Bluetooth Speaker,1,3499,0.1,3149.1
ORD10685,2024-05-25,North,Consumer,Fashion,Denim Jeans,2,1599,0.1,2878.2
ORD11932,2024-05-25,West,Corporate,Electronics,Wireless Earbuds,3,2499,0.0,7497.0
ORD12676,2024-05-25,West,Consumer,Books,Novel,2,399,0.05,758.1
ORD12480,2024-05-26,North,Corporate,Fashion,Backpack,5,1399,0.0,6995.0
ORD11839,2024-05-26,North,Corporate,Home & Kitchen,Pressure Cooker,5,1899,0.2,7596.0
ORD12825,2024-05-26,West,Small Business,Home & Kitchen,Non-stick Pan,3,1199,0.0,3597.0
ORD11949,2024-05-27,West,Consumer,Home & Kitchen,Mixer Grinder,4,3299,0.0,13196.0
ORD12420,2024-05-27,East,Consumer,Home & Kitchen,Non-stick Pan,5,1199,0.05,5695.25
ORD11969,2024-05-28,North,Consumer,Electronics,Smartwatch,2,5999,0.0,11998.0
ORD11440,2024-05-28,West,Corporate,Electronics,Wireless Earbuds,3,2499,0.0,7497.0
ORD12662,2024-05-28,North,Small Business,Home & Kitchen,Mixer Grinder,4,3299,0.0,13196.0
ORD11782,2024-05-28,West,Small Business,Electronics,Bluetooth Speaker,3,3499,0.2,8397.6
ORD12463,2024-05-28,North,Corporate,Books,Finance 101,2,799,0.0,1598.0
ORD11052,2024-05-28,West,Consumer,Fashion,Denim Jeans,4,1599,0.1,5756.4
ORD10904,2024-05-28,South,Corporate,Home & Kitchen,Mixer Grinder,1,3299,0.2,2639.2
ORD12726,2024-05-29,South,Consumer,Home & Kitchen,Non-stick Pan,1,1199,0.1,1079.1
ORD10171,2024-05-29,West,Consumer,Books,Novel,2,399,0.1,718.2
ORD12102,2024-05-29,West,Small Business,Fashion,Backpack,4,1399,0.0,5596.0
ORD11636,2024-05-29,North,Consumer,Fashion,Denim Jeans,2,1599,0.1,2878.2
ORD11687,2024-05-29,East,Consumer,Electronics,Power Bank,4,1299,0.0,5196.0
ORD10946,2024-05-30,South,Consumer,Home & Kitchen,Water Bottle,2,499,0.2,798.4
ORD12027,2024-05-30,West,Corporate,Fashion,Denim Jeans,5,1599,0.05,7595.25
ORD12743,2024-05-31,South,Small Business,Fashion,Denim Jeans,1,1599,0.2,1279.2
ORD11540,2024-05-31,East,Consumer,Fashion,Denim Jeans,1,1599,0.0,1599.0
ORD11722,2024-05-31,North,Consumer,Electronics,Bluetooth Speaker,5,3499,0.0,17495.0
ORD10552,2024-05-31,South,Consumer,Electronics,Power Bank,3,1299,0.0,3897.0
ORD10748,2024-05-31,East,Small Business,Electronics,Wireless Earbuds,1,2499,0.0,2499.0
ORD11506,2024-05-31,North,Consumer,Fashion,Backpack,5,1399,0.1,6295.5
ORD10713,2024-05-31,North,Small Business,Fashion,Denim Jeans,1,1599,0.0,1599.0
ORD11394,2024-06-01,South,Consumer,Fashion,Cotton Kurta,2,899,0.0,1798.0
ORD10247,2024-06-02,South,Corporate,Electronics,Smartwatch,3,5999,0.2,14397.6
ORD10589,2024-06-02,East,Consumer,Fashion,Denim Jeans,3,1599,0.0,4797.0
ORD10841,2024-06-03,North,Consumer,Fashion,Backpack,2,1399,0.05,2658.1
ORD12377,2024-06-03,West,Corporate,Fashion,Running Shoes,5,2799,0.2,11196.0
ORD10323,2024-06-03,North,Consumer,Fashion,Backpack,4,1399,0.0,5596.0
ORD11458,2024-06-03,West,Consumer,Electronics,Wireless Earbuds,3,2499,0.05,7122.15
ORD10793,2024-06-03,South,Corporate,Electronics,Power Bank,1,1299,0.0,1299.0
ORD12923,2024-06-04,North,Consumer,Electronics,Smartwatch,4,5999,0.0,23996.0
ORD12293,2024-06-04,West,Consumer,Fashion,Denim Jeans,1,1599,0.0,1599.0
ORD10720,2024-06-04,North,Consumer,Fashion,Running Shoes,2,2799,0.0,5598.0
ORD11605,2024-06-05,North,Consumer,Home & Kitchen,Water Bottle,3,499,0.0,1497.0
ORD12499,2024-06-05,South,Consumer,Electronics,Bluetooth Speaker,3,3499,0.0,10497.0
ORD10341,2024-06-06,West,Corporate,Electronics,Bluetooth Speaker,2,3499,0.0,6998.0
ORD12331,2024-06-06,North,Consumer,Electronics,Wireless Earbuds,5,2499,0.0,12495.0
ORD12175,2024-06-06,North,Consumer,Electronics,Wireless Earbuds,3,2499,0.0,7497.0
ORD12641,2024-06-06,South,Consumer,Books,Python Handbook,3,699,0.2,1677.6
ORD11224,2024-06-06,South,Consumer,Home & Kitchen,Water Bottle,1,499,0.2,399.2
ORD11927,2024-06-07,North,Corporate,Electronics,Smartwatch,1,5999,0.2,4799.2
ORD10447,2024-06-07,East,Consumer,Home & Kitchen,Mixer Grinder,1,3299,0.2,2639.2
ORD10544,2024-06-08,South,Corporate,Electronics,Bluetooth Speaker,2,3499,0.1,6298.2
ORD12991,2024-06-08,West,Consumer,Fashion,Denim Jeans,2,1599,0.1,2878.2
ORD10095,2024-06-08,North,Consumer,Electronics,Smartwatch,3,5999,0.0,17997.0
ORD12231,2024-06-08,South,Corporate,Electronics,Smartwatch,1,5999,0.0,5999.0
ORD12203,2024-06-08,North,Consumer,Fashion,Cotton Kurta,5,899,0.0,4495.0
ORD12898,2024-06-08,South,Consumer,Fashion,Running Shoes,2,2799,0.0,5598.0
ORD12832,2024-06-09,North,Small Business,Electronics,Smartwatch,4,5999,0.0,23996.0
ORD11058,2024-06-09,North,Consumer,Electronics,Smartwatch,2,5999,0.0,11998.0
ORD10947,2024-06-10,South,Corporate,Home & Kitchen,Mixer Grinder,5,3299,0.05,15670.25
ORD11385,2024-06-10,North,Consumer,Fashion,Backpack,1,1399,0.0,1399.0
ORD11982,2024-06-10,North,Corporate,Books,SQL Basics,2,549,0.0,1098.0
ORD12519,2024-06-10,East,Corporate,Books,Novel,5,399,0.0,1995.0
ORD10379,2024-06-10,East,Consumer,Electronics,Power Bank,5,1299,0.0,6495.0
ORD10355,2024-06-11,West,Consumer,Electronics,Bluetooth Speaker,5,3499,0.0,17495.0
ORD10791,2024-06-11,East,Corporate,Books,Finance 101,4,799,0.0,3196.0
ORD12200,2024-06-11,South,Consumer,Home & Kitchen,Non-stick Pan,3,1199,0.0,3597.0
ORD11423,2024-06-11,East,Consumer,Fashion,Denim Jeans,4,1599,0.2,5116.8
ORD10741,2024-06-11,West,Corporate,Fashion,Denim Jeans,4,1599,0.2,5116.8
ORD11683,2024-06-11,East,Consumer,Electronics,Bluetooth Speaker,2,3499,0.1,6298.2
ORD12161,2024-06-11,East,Consumer,Electronics,Smartwatch,5,5999,0.05,28495.25
ORD11926,2024-06-12,West,Consumer,Electronics,Power Bank,2,1299,0.0,2598.0
ORD11454,2024-06-12,West,Consumer,Electronics,Wireless Earbuds,4,2499,0.2,7996.8
ORD10998,2024-06-12,East,Consumer,Electronics,Bluetooth Speaker,4,3499,0.2,11196.8
ORD12373,2024-06-12,South,Consumer,Fashion,Denim Jeans,1,1599,0.0,1599.0
ORD10313,2024-06-13,North,Corporate,Electronics,Bluetooth Speaker,5,3499,0.2,13996.0
ORD11895,2024-06-13,North,Consumer,Fashion,Backpack,4,1399,0.1,5036.4
ORD10993,2024-06-13,South,Consumer,Electronics,Power Bank,5,1299,0.05,6170.25
ORD12986,2024-06-13,South,Consumer,Fashion,Backpack,4,1399,0.0,5596.0
ORD11268,2024-06-13,North,Consumer,Home & Kitchen,Mixer Grinder,4,3299,0.0,13196.0
ORD12896,2024-06-13,North,Small Business,Electronics,Power Bank,4,1299,0.2,4156.8
ORD11514,2024-06-13,South,Consumer,Electronics,Power Bank,5,1299,0.0,6495.0
ORD10764,2024-06-14,West,Consumer,Books,Python Handbook,1,699,0.2,559.2
ORD11353,2024-06-14,North,Corporate,Electronics,Power Bank,4,1299,0.2,4156.8
ORD11864,2024-06-14,West,Consumer,Electronics,Bluetooth Speaker,1,3499,0.2,2799.2
ORD12787,2024-06-15,South,Consumer,Electronics,Bluetooth Speaker,5,3499,0.05,16620.25
ORD12225,2024-06-15,North,Consumer,Home & Kitchen,Pressure Cooker,1,1899,0.2,1519.2
ORD10642,2024-06-15,East,Corporate,Books,SQL Basics,1,549,0.2,439.2
ORD11707,2024-06-16,North,Corporate,Fashion,Denim Jeans,4,1599,0.1,5756.4
ORD12221,2024-06-16,West,Corporate,Electronics,Power Bank,3,1299,0.2,3117.6
ORD12606,2024-06-16,North,Corporate,Fashion,Denim Jeans,1,1599,0.05,1519.05
ORD12393,2024-06-16,West,Consumer,Electronics,Wireless Earbuds,1,2499,0.0,2499.0
ORD11957,2024-06-16,North,Corporate,Electronics,Wireless Earbuds,1,2499,0.1,2249.1
ORD11761,2024-06-17,West,Consumer,Home & Kitchen,Pressure Cooker,3,1899,0.0,5697.0
ORD12485,2024-06-17,West,Consumer,Fashion,Cotton Kurta,4,899,0.0,3596.0
ORD11401,2024-06-17,North,Small Business,Electronics,Smartwatch,5,5999,0.05,28495.25
ORD10706,2024-06-17,West,Small Business,Electronics,Bluetooth Speaker,2,3499,0.0,6998.0
ORD11438,2024-06-17,East,Consumer,Electronics,Smartwatch,1,5999,0.0,5999.0
ORD11606,2024-06-18,North,Consumer,Fashion,Backpack,4,1399,0.05,5316.2
ORD10622,2024-06-18,East,Small Business,Electronics,Wireless Earbuds,3,2499,0.0,7497.0
ORD12849,2024-06-19,West,Consumer,Fashion,Denim Jeans,3,1599,0.0,4797.0
ORD12023,2024-06-19,North,Consumer,Home & Kitchen,Non-stick Pan,4,1199,0.2,3836.8
ORD10848,2024-06-19,East,Small Business,Fashion,Running Shoes,2,2799,0.0,5598.0
ORD10630,2024-06-19,South,Corporate,Electronics,Wireless Earbuds,5,2499,0.0,12495.0
ORD10615,2024-06-20,East,Corporate,Electronics,Bluetooth Speaker,4,3499,0.0,13996.0
ORD10136,2024-06-20,East,Consumer,Home & Kitchen,Non-stick Pan,4,1199,0.0,4796.0
ORD12795,2024-06-20,North,Consumer,Home & Kitchen,Non-stick Pan,5,1199,0.0,5995.0
ORD11397,2024-06-20,North,Consumer,Electronics,Bluetooth Speaker,3,3499,0.2,8397.6
ORD10487,2024-06-20,West,Consumer,Fashion,Backpack,2,1399,0.2,2238.4
ORD12280,2024-06-21,South,Consumer,Books,Python Handbook,4,699,0.1,2516.4
ORD11518,2024-06-21,South,Consumer,Home & Kitchen,Mixer Grinder,5,3299,0.1,14845.5
ORD12512,2024-06-22,North,Consumer,Electronics,Power Bank,2,1299,0.0,2598.0
ORD10717,2024-06-22,North,Consumer,Electronics,Smartwatch,3,5999,0.2,14397.6
ORD11597,2024-06-22,South,Corporate,Fashion,Running Shoes,2,2799,0.0,5598.0
ORD10881,2024-06-22,North,Small Business,Home & Kitchen,Non-stick Pan,4,1199,0.2,3836.8
ORD12021,2024-06-22,North,Consumer,Fashion,Backpack,2,1399,0.0,2798.0
ORD11170,2024-06-23,South,Corporate,Home & Kitchen,Pressure Cooker,5,1899,0.0,9495.0
ORD12286,2024-06-23,South,Consumer,Home & Kitchen,Non-stick Pan,4,1199,0.0,4796.0
ORD11229,2024-06-23,South,Consumer,Fashion,Running Shoes,1,2799,0.0,2799.0
ORD10991,2024-06-24,North,Corporate,Home & Kitchen,Pressure Cooker,2,1899,0.0,3798.0
ORD10261,2024-06-24,North,Consumer,Books,Novel,4,399,0.2,1276.8
ORD12548,2024-06-24,West,Corporate,Electronics,Wireless Earbuds,2,2499,0.0,4998.0
ORD12350,2024-06-24,South,Consumer,Fashion,Running Shoes,1,2799,0.1,2519.1
ORD11119,2024-06-25,North,Consumer,Fashion,Denim Jeans,1,1599,0.1,1439.1
ORD10636,2024-06-25,West,Consumer,Home & Kitchen,Pressure Cooker,4,1899,0.0,7596.0
ORD12002,2024-06-25,East,Consumer,Fashion,Cotton Kurta,3,899,0.0,2697.0
ORD11877,2024-06-25,West,Consumer,Electronics,Power Bank,1,1299,0.2,1039.2
ORD10602,2024-06-27,East,Consumer,Home & Kitchen,Non-stick Pan,3,1199,0.05,3417.15
ORD10976,2024-06-27,East,Corporate,Home & Kitchen,Mixer Grinder,2,3299,0.05,6268.1
ORD10263,2024-06-27,South,Consumer,Books,Finance 101,4,799,0.05,3036.2
ORD10590,2024-06-27,North,Corporate,Fashion,Denim Jeans,3,1599,0.05,4557.15
ORD12408,2024-06-28,West,Small Business,Fashion,Denim Jeans,2,1599,0.0,3198.0
ORD10555,2024-06-28,North,Consumer,Fashion,Cotton Kurta,3,899,0.1,2427.3
ORD11579,2024-06-28,East,Consumer,Fashion,Running Shoes,5,2799,0.2,11196.0
ORD10523,2024-06-28,South,Corporate,Books,Finance 101,1,799,0.1,719.1
ORD11883,2024-06-28,South,Corporate,Fashion,Denim Jeans,1,1599,0.0,1599.0
ORD12453,2024-06-29,East,Corporate,Electronics,Power Bank,2,1299,0.1,2338.2
ORD11207,2024-06-29,North,Consumer,Electronics,Wireless Earbuds,3,2499,0.1,6747.3
ORD11529,2024-06-29,East,Consumer,Electronics,Wireless Earbuds,4,2499,0.2,7996.8
ORD12148,2024-06-29,South,Consumer,Fashion,Denim Jeans,1,1599,0.1,1439.1
ORD10350,2024-06-29,West,Consumer,Fashion,Denim Jeans,5,1599,0.2,6396.0
ORD10709,2024-06-29,East,Consumer,Electronics,Wireless Earbuds,2,2499,0.0,4998.0
ORD10091,2024-06-30,East,Corporate,Electronics,Bluetooth Speaker,3,3499,0.05,9972.15
ORD12227,2024-06-30,South,Corporate,Home & Kitchen,Water Bottle,5,499,0.05,2370.25
ORD12935,2024-06-30,North,Consumer,Home & Kitchen,Non-stick Pan,4,1199,0.0,4796.0
ORD11631,2024-07-01,South,Corporate,Home & Kitchen,Water Bottle,1,499,0.0,499.0
ORD12357,2024-07-01,North,Consumer,Electronics,Power Bank,3,1299,0.0,3897.0
ORD11824,2024-07-01,East,Corporate,Fashion,Cotton Kurta,5,899,0.2,3596.0
ORD10772,2024-07-01,West,Consumer,Fashion,Denim Jeans,1,1599,0.0,1599.0
ORD12363,2024-07-01,South,Consumer,Books,Python Handbook,3,699,0.0,2097.0
ORD11151,2024-07-02,North,Corporate,Home & Kitchen,Water Bottle,3,499,0.0,1497.0
ORD12792,2024-07-02,West,Consumer,Electronics,Bluetooth Speaker,2,3499,0.0,6998.0
ORD11939,2024-07-04,East,Corporate,Electronics,Smartwatch,1,5999,0.05,5699.05
ORD11297,2024-07-04,North,Consumer,Fashion,Backpack,5,1399,0.1,6295.5
ORD10596,2024-07-04,North,Corporate,Fashion,Denim Jeans,4,1599,0.2,5116.8
ORD12654,2024-07-04,South,Consumer,Home & Kitchen,Water Bottle,2,499,0.0,998.0
ORD10528,2024-07-05,West,Consumer,Home & Kitchen,Mixer Grinder,5,3299,0.0,16495.0
ORD11416,2024-07-05,South,Consumer,Fashion,Denim Jeans,1,1599,0.0,1599.0
ORD10496,2024-07-05,East,Consumer,Fashion,Denim Jeans,4,1599,0.05,6076.2
ORD12400,2024-07-06,West,Consumer,Fashion,Running Shoes,4,2799,0.0,11196.0
ORD11035,2024-07-06,West,Consumer,Electronics,Wireless Earbuds,5,2499,0.2,9996.0
ORD11943,2024-07-07,West,Small Business,Electronics,Wireless Earbuds,2,2499,0.0,4998.0
ORD10609,2024-07-07,East,Corporate,Electronics,Wireless Earbuds,5,2499,0.1,11245.5
ORD11487,2024-07-07,North,Consumer,Books,Novel,1,399,0.0,399.0
ORD11296,2024-07-07,East,Consumer,Fashion,Running Shoes,3,2799,0.1,7557.3
ORD10434,2024-07-07,North,Small Business,Books,SQL Basics,5,549,0.0,2745.0
ORD10432,2024-07-08,East,Consumer,Electronics,Wireless Earbuds,1,2499,0.05,2374.05
ORD11186,2024-07-08,West,Small Business,Electronics,Wireless Earbuds,5,2499,0.2,9996.0
ORD11011,2024-07-08,South,Small Business,Fashion,Running Shoes,1,2799,0.2,2239.2
ORD10415,2024-07-08,North,Consumer,Electronics,Wireless Earbuds,4,2499,0.0,9996.0
ORD11413,2024-07-08,North,Consumer,Home & Kitchen,Mixer Grinder,1,3299,0.0,3299.0
ORD11345,2024-07-09,West,Corporate,Fashion,Cotton Kurta,2,899,0.2,1438.4
ORD12560,2024-07-09,North,Small Business,Fashion,Denim Jeans,3,1599,0.05,4557.15
ORD11078,2024-07-09,South,Corporate,Books,Novel,5,399,0.0,1995.0
ORD12646,2024-07-09,North,Corporate,Electronics,Power Bank,5,1299,0.05,6170.25
ORD10430,2024-07-09,North,Consumer,Home & Kitchen,Mixer Grinder,1,3299,0.1,2969.1
ORD10441,2024-07-10,South,Consumer,Electronics,Power Bank,3,1299,0.2,3117.6
ORD12960,2024-07-10,West,Consumer,Books,Finance 101,3,799,0.2,1917.6
ORD10502,2024-07-10,South,Corporate,Fashion,Denim Jeans,4,1599,0.0,6396.0
ORD10789,2024-07-11,North,Consumer,Electronics,Smartwatch,3,5999,0.0,17997.0
ORD12146,2024-07-11,East,Small Business,Home & Kitchen,Water Bottle,2,499,0.05,948.1
ORD12711,2024-07-11,North,Consumer,Fashion,Backpack,4,1399,0.05,5316.2
ORD10159,2024-07-12,East,Consumer,Electronics,Wireless Earbuds,3,2499,0.2,5997.6
ORD12269,2024-07-12,West,Corporate,Home & Kitchen,Mixer Grinder,2,3299,0.0,6598.0
ORD12095,2024-07-12,South,Consumer,Home & Kitchen,Mixer Grinder,5,3299,0.05,15670.25
ORD11446,2024-07-12,South,Consumer,Electronics,Power Bank,5,1299,0.1,5845.5
ORD10061,2024-07-13,South,Consumer,Home & Kitchen,Water Bottle,2,499,0.0,998.0
ORD11330,2024-07-13,South,Corporate,Books,Finance 101,5,799,0.1,3595.5
ORD12914,2024-07-14,West,Consumer,Electronics,Smartwatch,3,5999,0.05,17097.15
ORD11628,2024-07-14,South,Consumer,Fashion,Backpack,5,1399,0.1,6295.5
ORD10029,2024-07-14,West,Consumer,Home & Kitchen,Pressure Cooker,1,1899,0.0,1899.0
ORD11466,2024-07-14,South,Corporate,Fashion,Running Shoes,4,2799,0.2,8956.8
ORD11649,2024-07-14,South,Small Business,Electronics,Wireless Earbuds,3,2499,0.0,7497.0
ORD12539,2024-07-14,North,Consumer,Electronics,Smartwatch,2,5999,0.05,11398.1
ORD10110,2024-07-15,East,Corporate,Fashion,Cotton Kurta,5,899,0.05,4270.25
ORD12215,2024-07-15,North,Consumer,Home & Kitchen,Mixer Grinder,2,3299,0.1,5938.2
ORD12546,2024-07-16,South,Consumer,Home & Kitchen,Water Bottle,3,499,0.0,1497.0
ORD10613,2024-07-16,North,Consumer,Electronics,Bluetooth Speaker,2,3499,0.1,6298.2
ORD12124,2024-07-17,North,Consumer,Fashion,Backpack,1,1399,0.0,1399.0
ORD12980,2024-07-17,East,Corporate,Fashion,Backpack,5,1399,0.0,6995.0
ORD12376,2024-07-18,West,Small Business,Electronics,Bluetooth Speaker,3,3499,0.0,10497.0
ORD11647,2024-07-18,South,Corporate,Home & Kitchen,Mixer Grinder,2,3299,0.05,6268.1
ORD11163,2024-07-18,North,Consumer,Fashion,Backpack,4,1399,0.1,5036.4
ORD10803,2024-07-19,East,Consumer,Home & Kitchen,Non-stick Pan,5,1199,0.0,5995.0
ORD12902,2024-07-19,West,Consumer,Books,Finance 101,5,799,0.0,3995.0
ORD11030,2024-07-19,North,Consumer,Electronics,Wireless Earbuds,1,2499,0.0,2499.0
ORD10994,2024-07-19,North,Consumer,Fashion,Denim Jeans,1,1599,0.05,1519.05
ORD12993,2024-07-19,North,Corporate,Fashion,Denim Jeans,1,1599,0.05,1519.05
ORD10565,2024-07-19,South,Consumer,Electronics,Wireless Earbuds,1,2499,0.0,2499.0
ORD10919,2024-07-19,North,Consumer,Electronics,Bluetooth Speaker,2,3499,0.0,6998.0
ORD10655,2024-07-20,West,Consumer,Home & Kitchen,Mixer Grinder,2,3299,0.0,6598.0
ORD10324,2024-07-20,North,Corporate,Books,Python Handbook,3,699,0.0,2097.0
ORD12903,2024-07-20,South,Consumer,Home & Kitchen,Non-stick Pan,2,1199,0.2,1918.4
ORD11448,2024-07-20,North,Consumer,Fashion,Denim Jeans,5,1599,0.0,7995.0
ORD12014,2024-07-20,South,Consumer,Fashion,Cotton Kurta,1,899,0.05,854.05
ORD11050,2024-07-21,North,Corporate,Fashion,Denim Jeans,3,1599,0.2,3837.6
ORD10014,2024-07-21,North,Consumer,Fashion,Running Shoes,1,2799,0.0,2799.0
ORD12272,2024-07-21,East,Consumer,Fashion,Running Shoes,3,2799,0.2,6717.6
ORD12398,2024-07-21,North,Consumer,Fashion,Cotton Kurta,2,899,0.0,1798.0
ORD10910,2024-07-21,North,Consumer,Electronics,Bluetooth Speaker,3,3499,0.0,10497.0
ORD11099,2024-07-21,East,Small Business,Electronics,Power Bank,5,1299,0.05,6170.25
ORD11253,2024-07-22,North,Consumer,Books,Python Handbook,2,699,0.1,1258.2
ORD10117,2024-07-22,West,Small Business,Books,Novel,4,399,0.2,1276.8
ORD12010,2024-07-22,North,Corporate,Fashion,Denim Jeans,3,1599,0.0,4797.0
ORD10838,2024-07-22,South,Consumer,Electronics,Power Bank,5,1299,0.2,5196.0
ORD12415,2024-07-22,South,Corporate,Home & Kitchen,Pressure Cooker,5,1899,0.1,8545.5
ORD11732,2024-07-23,West,Small Business,Fashion,Cotton Kurta,3,899,0.1,2427.3
ORD11657,2024-07-23,West,Consumer,Books,Python Handbook,2,699,0.0,1398.0
ORD12568,2024-07-24,South,Small Business,Home & Kitchen,Non-stick Pan,3,1199,0.0,3597.0
ORD12778,2024-07-24,East,Small Business,Fashion,Running Shoes,5,2799,0.1,12595.5
ORD11192,2024-07-24,West,Consumer,Home & Kitchen,Mixer Grinder,5,3299,0.0,16495.0
ORD10152,2024-07-24,West,Small Business,Fashion,Backpack,3,1399,0.0,4197.0
ORD10800,2024-07-24,South,Consumer,Electronics,Bluetooth Speaker,2,3499,0.0,6998.0
ORD10638,2024-07-24,West,Consumer,Fashion,Backpack,2,1399,0.0,2798.0
ORD10922,2024-07-24,South,Consumer,Fashion,Running Shoes,4,2799,0.1,10076.4
ORD11070,2024-07-25,South,Consumer,Electronics,Bluetooth Speaker,2,3499,0.1,6298.2
ORD12053,2024-07-25,West,Consumer,Books,Python Handbook,2,699,0.0,1398.0
ORD11351,2024-07-26,South,Corporate,Electronics,Power Bank,3,1299,0.05,3702.15
ORD12998,2024-07-26,West,Corporate,Electronics,Smartwatch,5,5999,0.0,29995.0
ORD10583,2024-07-26,West,Consumer,Home & Kitchen,Mixer Grinder,4,3299,0.0,13196.0
ORD11956,2024-07-27,West,Consumer,Fashion,Denim Jeans,5,1599,0.1,7195.5
ORD12327,2024-07-27,North,Consumer,Electronics,Power Bank,1,1299,0.0,1299.0
ORD10481,2024-07-27,East,Consumer,Fashion,Backpack,5,1399,0.05,6645.25
ORD10754,2024-07-27,North,Corporate,Home & Kitchen,Pressure Cooker,4,1899,0.1,6836.4
ORD10871,2024-07-28,West,Consumer,Electronics,Wireless Earbuds,5,2499,0.2,9996.0
ORD12816,2024-07-28,South,Consumer,Fashion,Denim Jeans,5,1599,0.05,7595.25
ORD11206,2024-07-29,West,Consumer,Electronics,Smartwatch,2,5999,0.2,9598.4
ORD12713,2024-07-29,South,Consumer,Fashion,Cotton Kurta,2,899,0.0,1798.0
ORD10084,2024-07-29,West,Corporate,Electronics,Bluetooth Speaker,4,3499,0.1,12596.4
ORD10627,2024-07-29,South,Consumer,Home & Kitchen,Pressure Cooker,4,1899,0.0,7596.0
ORD10460,2024-07-29,North,Consumer,Fashion,Denim Jeans,5,1599,0.0,7995.0
ORD12239,2024-07-29,North,Consumer,Home & Kitchen,Pressure Cooker,3,1899,0.0,5697.0
ORD11425,2024-07-30,North,Corporate,Home & Kitchen,Water Bottle,5,499,0.0,2495.0
ORD11802,2024-07-30,West,Corporate,Home & Kitchen,Mixer Grinder,1,3299,0.0,3299.0
ORD11101,2024-07-30,South,Consumer,Books,Novel,3,399,0.05,1137.15
ORD10034,2024-07-31,South,Small Business,Books,Python Handbook,1,699,0.05,664.05
ORD11113,2024-07-31,East,Consumer,Electronics,Power Bank,1,1299,0.0,1299.0
ORD10153,2024-07-31,East,Small Business,Books,SQL Basics,3,549,0.0,1647.0
ORD10699,2024-08-01,East,Consumer,Books,Finance 101,4,799,0.0,3196.0
ORD11162,2024-08-01,North,Consumer,Electronics,Power Bank,3,1299,0.05,3702.15
ORD11922,2024-08-01,North,Consumer,Electronics,Bluetooth Speaker,4,3499,0.0,13996.0
ORD12241,2024-08-01,East,Corporate,Fashion,Backpack,3,1399,0.1,3777.3
ORD10495,2024-08-01,West,Corporate,Electronics,Bluetooth Speaker,5,3499,0.2,13996.0
ORD11809,2024-08-01,North,Consumer,Home & Kitchen,Mixer Grinder,1,3299,0.0,3299.0
ORD12796,2024-08-02,East,Consumer,Fashion,Running Shoes,1,2799,0.05,2659.05
ORD11749,2024-08-02,North,Consumer,Fashion,Backpack,4,1399,0.1,5036.4
ORD11670,2024-08-02,West,Consumer,Fashion,Backpack,2,1399,0.0,2798.0
ORD10686,2024-08-02,East,Consumer,Electronics,Power Bank,5,1299,0.2,5196.0
ORD10179,2024-08-03,West,Consumer,Books,Python Handbook,5,699,0.05,3320.25
ORD12118,2024-08-03,South,Consumer,Fashion,Cotton Kurta,4,899,0.0,3596.0
ORD11003,2024-08-03,North,Consumer,Fashion,Cotton Kurta,3,899,0.2,2157.6
ORD10431,2024-08-03,West,Small Business,Fashion,Running Shoes,2,2799,0.0,5598.0
ORD12612,2024-08-03,North,Small Business,Electronics,Smartwatch,3,5999,0.2,14397.6
ORD10777,2024-08-03,East,Small Business,Books,Novel,4,399,0.0,1596.0
ORD11230,2024-08-03,North,Consumer,Books,Novel,5,399,0.05,1895.25
ORD10997,2024-08-03,South,Consumer,Home & Kitchen,Water Bottle,5,499,0.05,2370.25
ORD10155,2024-08-04,North,Consumer,Home & Kitchen,Mixer Grinder,4,3299,0.0,13196.0
ORD10412,2024-08-04,East,Corporate,Books,Novel,2,399,0.05,758.1
ORD12496,2024-08-04,North,Consumer,Electronics,Bluetooth Speaker,3,3499,0.0,10497.0
ORD10723,2024-08-05,North,Consumer,Electronics,Smartwatch,1,5999,0.1,5399.1
ORD11051,2024-08-05,West,Corporate,Fashion,Cotton Kurta,4,899,0.1,3236.4
ORD10063,2024-08-05,West,Corporate,Home & Kitchen,Non-stick Pan,2,1199,0.0,2398.0
ORD11552,2024-08-05,North,Consumer,Fashion,Cotton Kurta,3,899,0.0,2697.0
ORD12712,2024-08-05,North,Corporate,Home & Kitchen,Water Bottle,4,499,0.2,1596.8
ORD10926,2024-08-05,North,Corporate,Electronics,Wireless Earbuds,2,2499,0.0,4998.0
ORD12475,2024-08-05,North,Consumer,Fashion,Backpack,1,1399,0.0,1399.0
ORD12677,2024-08-06,North,Consumer,Fashion,Running Shoes,4,2799,0.2,8956.8
ORD12788,2024-08-06,South,Consumer,Home & Kitchen,Pressure Cooker,4,1899,0.1,6836.4
ORD11654,2024-08-06,East,Consumer,Books,Finance 101,4,799,0.1,2876.4
ORD12954,2024-08-07,West,Small Business,Electronics,Bluetooth Speaker,4,3499,0.0,13996.0
ORD10563,2024-08-07,South,Consumer,Electronics,Bluetooth Speaker,4,3499,0.05,13296.2
ORD12563,2024-08-07,North,Corporate,Electronics,Smartwatch,5,5999,0.0,29995.0
ORD12313,2024-08-08,South,Consumer,Electronics,Smartwatch,2,5999,0.05,11398.1
ORD10145,2024-08-08,North,Consumer,Electronics,Smartwatch,1,5999,0.0,5999.0
ORD10157,2024-08-08,East,Consumer,Electronics,Power Bank,1,1299,0.2,1039.2
ORD11876,2024-08-08,West,Consumer,Books,SQL Basics,5,549,0.0,2745.0
ORD10272,2024-08-08,North,Corporate,Books,Novel,5,399,0.2,1596.0
ORD12643,2024-08-08,North,Consumer,Electronics,Smartwatch,1,5999,0.1,5399.1
ORD11727,2024-08-08,North,Small Business,Electronics,Bluetooth Speaker,2,3499,0.05,6648.1
ORD10019,2024-08-08,West,Corporate,Electronics,Smartwatch,1,5999,0.0,5999.0
ORD11165,2024-08-09,North,Small Business,Fashion,Denim Jeans,5,1599,0.05,7595.25
ORD10863,2024-08-09,South,Corporate,Home & Kitchen,Water Bottle,2,499,0.0,998.0
ORD12483,2024-08-09,North,Consumer,Home & Kitchen,Non-stick Pan,3,1199,0.05,3417.15
ORD10382,2024-08-09,West,Small Business,Books,Novel,3,399,0.0,1197.0
ORD12890,2024-08-09,North,Corporate,Fashion,Cotton Kurta,2,899,0.1,1618.2
ORD10512,2024-08-09,West,Consumer,Fashion,Backpack,3,1399,0.0,4197.0
ORD11283,2024-08-10,West,Consumer,Electronics,Bluetooth Speaker,2,3499,0.0,6998.0
ORD12006,2024-08-10,East,Corporate,Books,SQL Basics,1,549,0.0,549.0
ORD10254,2024-08-11,North,Consumer,Fashion,Cotton Kurta,5,899,0.0,4495.0
ORD12219,2024-08-11,North,Small Business,Home & Kitchen,Water Bottle,1,499,0.1,449.1
ORD10702,2024-08-12,South,Corporate,Electronics,Bluetooth Speaker,3,3499,0.0,10497.0
ORD11389,2024-08-12,North,Consumer,Electronics,Smartwatch,5,5999,0.0,29995.0
ORD11007,2024-08-12,North,Small Business,Home & Kitchen,Water Bottle,1,499,0.05,474.05
ORD11129,2024-08-12,North,Small Business,Fashion,Backpack,3,1399,0.0,4197.0
ORD10436,2024-08-12,East,Consumer,Books,Python Handbook,5,699,0.0,3495.0
ORD11646,2024-08-12,South,Consumer,Electronics,Bluetooth Speaker,2,3499,0.0,6998.0
ORD10830,2024-08-12,North,Small Business,Electronics,Wireless Earbuds,3,2499,0.0,7497.0
ORD12301,2024-08-12,South,Corporate,Home & Kitchen,Pressure Cooker,5,1899,0.0,9495.0
ORD12596,2024-08-13,South,Consumer,Fashion,Running Shoes,1,2799,0.0,2799.0
ORD12924,2024-08-13,South,Consumer,Electronics,Power Bank,3,1299,0.1,3507.3
ORD12466,2024-08-13,South,Consumer,Home & Kitchen,Mixer Grinder,5,3299,0.0,16495.0
ORD10362,2024-08-13,West,Consumer,Fashion,Running Shoes,1,2799,0.0,2799.0
ORD10588,2024-08-14,West,Consumer,Home & Kitchen,Non-stick Pan,4,1199,0.0,4796.0
ORD12791,2024-08-15,West,Small Business,Fashion,Cotton Kurta,2,899,0.1,1618.2
ORD10560,2024-08-15,West,Corporate,Electronics,Bluetooth Speaker,3,3499,0.1,9447.3
ORD11650,2024-08-15,East,Consumer,Home & Kitchen,Water Bottle,3,499,0.05,1422.15
ORD11973,2024-08-15,West,Corporate,Electronics,Wireless Earbuds,5,2499,0.0,12495.0
ORD12762,2024-08-15,North,Small Business,Fashion,Denim Jeans,5,1599,0.2,6396.0
ORD11992,2024-08-16,South,Consumer,Electronics,Wireless Earbuds,1,2499,0.0,2499.0
ORD12724,2024-08-16,North,Consumer,Home & Kitchen,Mixer Grinder,3,3299,0.0,9897.0
ORD12209,2024-08-16,East,Consumer,Electronics,Bluetooth Speaker,5,3499,0.1,15745.5
ORD10740,2024-08-17,South,Consumer,Electronics,Wireless Earbuds,3,2499,0.1,6747.3
ORD10074,2024-08-17,East,Consumer,Books,Finance 101,3,799,0.1,2157.3
ORD11791,2024-08-17,North,Consumer,Fashion,Denim Jeans,4,1599,0.2,5116.8
ORD12436,2024-08-17,East,Corporate,Home & Kitchen,Water Bottle,2,499,0.0,998.0
ORD12714,2024-08-17,North,Consumer,Electronics,Power Bank,4,1299,0.1,4676.4
ORD12822,2024-08-17,North,Corporate,Books,Novel,1,399,0.2,319.2
ORD11601,2024-08-18,North,Consumer,Electronics,Smartwatch,2,5999,0.0,11998.0
ORD12686,2024-08-18,East,Consumer,Fashion,Running Shoes,2,2799,0.0,5598.0
ORD12710,2024-08-18,East,Consumer,Home & Kitchen,Water Bottle,2,499,0.2,798.4
ORD11259,2024-08-18,North,Corporate,Electronics,Wireless Earbuds,1,2499,0.05,2374.05
ORD12018,2024-08-18,West,Corporate,Books,Python Handbook,3,699,0.0,2097.0
ORD12802,2024-08-18,North,Consumer,Home & Kitchen,Water Bottle,1,499,0.0,499.0
ORD10429,2024-08-19,South,Corporate,Books,SQL Basics,5,549,0.0,2745.0
ORD12364,2024-08-19,North,Consumer,Books,Novel,3,399,0.05,1137.15
ORD12049,2024-08-19,North,Consumer,Books,SQL Basics,5,549,0.0,2745.0
ORD12603,2024-08-20,East,Consumer,Electronics,Power Bank,4,1299,0.0,5196.0
ORD12844,2024-08-20,East,Consumer,Fashion,Running Shoes,4,2799,0.05,10636.2
ORD10223,2024-08-20,West,Corporate,Electronics,Smartwatch,4,5999,0.1,21596.4
ORD12114,2024-08-20,South,Consumer,Home & Kitchen,Non-stick Pan,2,1199,0.0,2398.0
ORD11538,2024-08-20,South,Consumer,Books,Finance 101,3,799,0.1,2157.3
ORD11338,2024-08-20,West,Corporate,Home & Kitchen,Water Bottle,5,499,0.0,2495.0
ORD12368,2024-08-20,North,Corporate,Home & Kitchen,Water Bottle,4,499,0.2,1596.8
ORD11205,2024-08-20,East,Corporate,Home & Kitchen,Mixer Grinder,1,3299,0.0,3299.0
ORD11315,2024-08-21,South,Consumer,Books,SQL Basics,5,549,0.2,2196.0
ORD12470,2024-08-21,North,Consumer,Fashion,Running Shoes,3,2799,0.0,8397.0
ORD10862,2024-08-21,North,Corporate,Fashion,Denim Jeans,5,1599,0.05,7595.25
ORD12251,2024-08-22,West,Consumer,Electronics,Smartwatch,2,5999,0.0,11998.0
ORD11629,2024-08-22,North,Consumer,Home & Kitchen,Mixer Grinder,3,3299,0.05,9402.15
ORD12356,2024-08-22,West,Consumer,Electronics,Bluetooth Speaker,3,3499,0.1,9447.3
ORD11910,2024-08-22,West,Corporate,Fashion,Cotton Kurta,3,899,0.2,2157.6
ORD10703,2024-08-23,West,Corporate,Electronics,Power Bank,4,1299,0.0,5196.0
ORD11135,2024-08-23,South,Corporate,Electronics,Wireless Earbuds,4,2499,0.1,8996.4
ORD10225,2024-08-23,West,Consumer,Home & Kitchen,Mixer Grinder,5,3299,0.0,16495.0
ORD10397,2024-08-24,South,Consumer,Fashion,Running Shoes,1,2799,0.0,2799.0
ORD10852,2024-08-24,North,Consumer,Home & Kitchen,Mixer Grinder,1,3299,0.2,2639.2
ORD12637,2024-08-24,West,Consumer,Electronics,Power Bank,2,1299,0.0,2598.0
ORD12942,2024-08-24,North,Consumer,Electronics,Bluetooth Speaker,2,3499,0.0,6998.0
ORD10746,2024-08-25,West,Consumer,Home & Kitchen,Mixer Grinder,4,3299,0.05,12536.2
ORD10378,2024-08-25,West,Corporate,Fashion,Running Shoes,2,2799,0.05,5318.1
ORD11887,2024-08-26,West,Corporate,Electronics,Bluetooth Speaker,4,3499,0.0,13996.0
ORD11306,2024-08-26,West,Consumer,Home & Kitchen,Non-stick Pan,4,1199,0.0,4796.0
ORD11613,2024-08-26,East,Consumer,Books,Python Handbook,5,699,0.0,3495.0
ORD12402,2024-08-27,West,Consumer,Fashion,Running Shoes,1,2799,0.0,2799.0
ORD12856,2024-08-27,North,Corporate,Electronics,Power Bank,2,1299,0.0,2598.0
ORD12394,2024-08-27,North,Consumer,Home & Kitchen,Water Bottle,4,499,0.2,1596.8
ORD11084,2024-08-27,South,Consumer,Electronics,Smartwatch,1,5999,0.0,5999.0
ORD10396,2024-08-28,North,Consumer,Electronics,Power Bank,3,1299,0.0,3897.0
ORD11778,2024-08-28,North,Consumer,Home & Kitchen,Water Bottle,2,499,0.0,998.0
ORD10876,2024-08-28,East,Consumer,Electronics,Power Bank,4,1299,0.0,5196.0
ORD10188,2024-08-28,South,Consumer,Home & Kitchen,Water Bottle,3,499,0.05,1422.15
ORD11740,2024-08-28,East,Corporate,Home & Kitchen,Non-stick Pan,4,1199,0.1,4316.4
ORD10676,2024-08-28,North,Consumer,Home & Kitchen,Pressure Cooker,2,1899,0.1,3418.2
ORD11784,2024-08-29,North,Consumer,Fashion,Denim Jeans,1,1599,0.0,1599.0
ORD12024,2024-08-30,North,Consumer,Books,Novel,2,399,0.0,798.0
ORD10905,2024-08-30,East,Consumer,Books,Finance 101,5,799,0.0,3995.0
ORD12752,2024-08-30,South,Consumer,Home & Kitchen,Mixer Grinder,5,3299,0.0,16495.0
ORD12779,2024-08-30,West,Consumer,Electronics,Smartwatch,5,5999,0.0,29995.0
ORD12738,2024-08-30,East,Consumer,Home & Kitchen,Pressure Cooker,3,1899,0.1,5127.3
ORD12875,2024-08-30,North,Corporate,Fashion,Running Shoes,3,2799,0.0,8397.0
ORD10073,2024-08-31,North,Consumer,Electronics,Bluetooth Speaker,2,3499,0.05,6648.1
ORD12240,2024-08-31,South,Consumer,Fashion,Denim Jeans,1,1599,0.0,1599.0
ORD10148,2024-08-31,North,Consumer,Electronics,Wireless Earbuds,2,2499,0.2,3998.4
ORD12554,2024-08-31,East,Consumer,Books,Finance 101,4,799,0.0,3196.0
ORD12893,2024-08-31,West,Consumer,Fashion,Backpack,1,1399,0.2,1119.2
ORD10187,2024-08-31,West,Corporate,Electronics,Wireless Earbuds,1,2499,0.2,1999.2
ORD11698,2024-08-31,North,Consumer,Electronics,Power Bank,5,1299,0.05,6170.25
ORD10533,2024-08-31,South,Consumer,Books,Finance 101,3,799,0.0,2397.0
ORD10392,2024-09-01,East,Consumer,Fashion,Cotton Kurta,3,899,0.1,2427.3
ORD11641,2024-09-01,South,Corporate,Home & Kitchen,Water Bottle,3,499,0.1,1347.3
ORD12671,2024-09-01,South,Small Business,Fashion,Running Shoes,2,2799,0.05,5318.1
ORD11846,2024-09-02,South,Consumer,Home & Kitchen,Non-stick Pan,3,1199,0.0,3597.0
ORD10796,2024-09-02,East,Consumer,Fashion,Running Shoes,3,2799,0.2,6717.6
ORD12120,2024-09-02,East,Consumer,Fashion,Cotton Kurta,3,899,0.2,2157.6
ORD12016,2024-09-03,West,Corporate,Electronics,Bluetooth Speaker,2,3499,0.1,6298.2
ORD11405,2024-09-03,West,Corporate,Fashion,Denim Jeans,3,1599,0.0,4797.0
ORD11399,2024-09-03,West,Small Business,Home & Kitchen,Water Bottle,4,499,0.0,1996.0
ORD12160,2024-09-03,North,Small Business,Electronics,Smartwatch,4,5999,0.2,19196.8
ORD11542,2024-09-03,North,Consumer,Fashion,Running Shoes,2,2799,0.2,4478.4
ORD12197,2024-09-03,East,Consumer,Fashion,Denim Jeans,5,1599,0.2,6396.0
ORD11141,2024-09-04,North,Corporate,Fashion,Denim Jeans,4,1599,0.1,5756.4
ORD10448,2024-09-04,North,Consumer,Electronics,Smartwatch,5,5999,0.1,26995.5
ORD12811,2024-09-05,South,Small Business,Home & Kitchen,Pressure Cooker,3,1899,0.0,5697.0
ORD10114,2024-09-05,East,Consumer,Electronics,Wireless Earbuds,2,2499,0.2,3998.4
ORD10241,2024-09-05,East,Consumer,Home & Kitchen,Mixer Grinder,3,3299,0.0,9897.0
ORD10302,2024-09-05,South,Consumer,Electronics,Smartwatch,2,5999,0.0,11998.0
ORD12508,2024-09-05,West,Consumer,Home & Kitchen,Water Bottle,1,499,0.0,499.0
ORD12874,2024-09-05,West,Consumer,Electronics,Smartwatch,5,5999,0.0,29995.0
ORD10417,2024-09-06,North,Corporate,Electronics,Smartwatch,4,5999,0.0,23996.0
ORD11010,2024-09-06,South,Small Business,Fashion,Backpack,1,1399,0.05,1329.05
ORD12881,2024-09-07,East,Consumer,Books,Novel,5,399,0.05,1895.25
ORD12341,2024-09-07,South,Consumer,Books,Finance 101,1,799,0.1,719.1
ORD12513,2024-09-07,North,Corporate,Home & Kitchen,Mixer Grinder,4,3299,0.1,11876.4
ORD12404,2024-09-07,East,Consumer,Fashion,Running Shoes,3,2799,0.0,8397.0
ORD11284,2024-09-07,North,Small Business,Electronics,Wireless Earbuds,3,2499,0.0,7497.0
ORD11573,2024-09-07,West,Consumer,Home & Kitchen,Mixer Grinder,1,3299,0.0,3299.0
ORD11832,2024-09-07,North,Small Business,Home & Kitchen,Mixer Grinder,2,3299,0.2,5278.4
ORD12050,2024-09-07,South,Consumer,Electronics,Power Bank,4,1299,0.0,5196.0
ORD10673,2024-09-07,West,Small Business,Electronics,Smartwatch,3,5999,0.1,16197.3
ORD11022,2024-09-08,South,Consumer,Electronics,Power Bank,1,1299,0.2,1039.2
ORD11048,2024-09-08,West,Corporate,Electronics,Smartwatch,1,5999,0.0,5999.0
ORD11633,2024-09-08,North,Corporate,Electronics,Power Bank,3,1299,0.1,3507.3
ORD12771,2024-09-09,South,Small Business,Electronics,Smartwatch,2,5999,0.0,11998.0
ORD12132,2024-09-09,North,Corporate,Fashion,Running Shoes,4,2799,0.0,11196.0
ORD10873,2024-09-10,West,Small Business,Electronics,Smartwatch,2,5999,0.0,11998.0
ORD10932,2024-09-10,North,Corporate,Fashion,Cotton Kurta,3,899,0.0,2697.0
ORD12067,2024-09-10,West,Consumer,Electronics,Power Bank,2,1299,0.0,2598.0
ORD10661,2024-09-10,East,Consumer,Electronics,Power Bank,2,1299,0.05,2468.1
ORD11275,2024-09-11,West,Consumer,Fashion,Backpack,4,1399,0.0,5596.0
ORD11860,2024-09-11,North,Consumer,Fashion,Running Shoes,4,2799,0.0,11196.0
ORD12073,2024-09-11,South,Consumer,Home & Kitchen,Pressure Cooker,5,1899,0.05,9020.25
ORD12005,2024-09-11,South,Consumer,Books,Finance 101,1,799,0.05,759.05
ORD12570,2024-09-12,East,Consumer,Fashion,Cotton Kurta,1,899,0.0,899.0
ORD12365,2024-09-12,East,Corporate,Electronics,Smartwatch,4,5999,0.0,23996.0
ORD11250,2024-09-12,South,Consumer,Books,SQL Basics,1,549,0.05,521.55
ORD11298,2024-09-12,North,Consumer,Electronics,Wireless Earbuds,2,2499,0.05,4748.1
ORD11593,2024-09-12,North,Corporate,Books,SQL Basics,4,549,0.0,2196.0
ORD12801,2024-09-12,North,Consumer,Electronics,Wireless Earbuds,3,2499,0.1,6747.3
ORD10364,2024-09-12,West,Small Business,Electronics,Smartwatch,4,5999,0.05,22796.2
ORD12729,2024-09-13,North,Corporate,Electronics,Power Bank,3,1299,0.0,3897.0
ORD12344,2024-09-13,East,Small Business,Fashion,Backpack,3,1399,0.1,3777.3
ORD12335,2024-09-13,East,Consumer,Electronics,Bluetooth Speaker,1,3499,0.0,3499.0
ORD10514,2024-09-13,West,Consumer,Books,Novel,2,399,0.0,798.0
ORD10253,2024-09-13,South,Consumer,Electronics,Power Bank,5,1299,0.0,6495.0
ORD11480,2024-09-14,West,Consumer,Electronics,Wireless Earbuds,2,2499,0.05,4748.1
ORD12721,2024-09-14,South,Consumer,Fashion,Denim Jeans,5,1599,0.1,7195.5
ORD11428,2024-09-14,South,Consumer,Books,Python Handbook,3,699,0.1,1887.3
ORD10647,2024-09-14,West,Consumer,Home & Kitchen,Mixer Grinder,3,3299,0.0,9897.0
ORD10416,2024-09-14,South,Consumer,Electronics,Smartwatch,5,5999,0.0,29995.0
ORD10711,2024-09-14,East,Consumer,Electronics,Wireless Earbuds,2,2499,0.2,3998.4
ORD12169,2024-09-14,North,Small Business,Books,SQL Basics,2,549,0.0,1098.0
ORD12426,2024-09-14,South,Consumer,Electronics,Power Bank,1,1299,0.0,1299.0
ORD10224,2024-09-15,East,Corporate,Fashion,Backpack,3,1399,0.0,4197.0
ORD10870,2024-09-15,North,Consumer,Home & Kitchen,Water Bottle,3,499,0.0,1497.0
ORD11080,2024-09-16,North,Consumer,Books,SQL Basics,2,549,0.0,1098.0
ORD11665,2024-09-16,South,Consumer,Fashion,Backpack,3,1399,0.05,3987.15
ORD12697,2024-09-16,North,Corporate,Home & Kitchen,Non-stick Pan,1,1199,0.05,1139.05
ORD10763,2024-09-17,South,Small Business,Books,Finance 101,3,799,0.1,2157.3
ORD11370,2024-09-17,South,Consumer,Home & Kitchen,Water Bottle,1,499,0.2,399.2
ORD11049,2024-09-18,South,Consumer,Fashion,Running Shoes,5,2799,0.0,13995.0
ORD10051,2024-09-18,North,Small Business,Fashion,Cotton Kurta,2,899,0.0,1798.0
ORD12901,2024-09-18,South,Small Business,Books,Finance 101,1,799,0.0,799.0
ORD11655,2024-09-19,West,Small Business,Electronics,Power Bank,2,1299,0.0,2598.0
ORD11043,2024-09-19,North,Consumer,Books,Finance 101,3,799,0.0,2397.0
ORD12015,2024-09-19,South,Corporate,Electronics,Wireless Earbuds,2,2499,0.1,4498.2
ORD11677,2024-09-20,East,Corporate,Fashion,Cotton Kurta,1,899,0.1,809.1
ORD11009,2024-09-20,North,Consumer,Home & Kitchen,Non-stick Pan,3,1199,0.0,3597.0
ORD10975,2024-09-20,North,Consumer,Electronics,Wireless Earbuds,3,2499,0.05,7122.15
ORD11254,2024-09-21,South,Corporate,Fashion,Running Shoes,2,2799,0.0,5598.0
ORD11329,2024-09-21,North,Consumer,Books,Novel,2,399,0.0,798.0
ORD12797,2024-09-21,West,Consumer,Electronics,Smartwatch,2,5999,0.2,9598.4
ORD10189,2024-09-21,South,Small Business,Electronics,Wireless Earbuds,1,2499,0.2,1999.2
ORD11470,2024-09-22,South,Consumer,Home & Kitchen,Pressure Cooker,2,1899,0.0,3798.0
ORD12206,2024-09-22,West,Consumer,Home & Kitchen,Non-stick Pan,3,1199,0.05,3417.15
ORD10317,2024-09-22,South,Corporate,Electronics,Bluetooth Speaker,2,3499,0.0,6998.0
ORD11881,2024-09-22,North,Corporate,Fashion,Denim Jeans,4,1599,0.0,6396.0
ORD11820,2024-09-23,West,Corporate,Electronics,Wireless Earbuds,2,2499,0.05,4748.1
ORD10283,2024-09-23,North,Corporate,Home & Kitchen,Non-stick Pan,4,1199,0.05,4556.2
ORD11651,2024-09-23,South,Consumer,Fashion,Running Shoes,3,2799,0.0,8397.0
ORD11424,2024-09-23,East,Corporate,Fashion,Backpack,3,1399,0.0,4197.0
ORD10933,2024-09-23,South,Corporate,Electronics,Smartwatch,2,5999,0.0,11998.0
ORD12298,2024-09-23,West,Consumer,Fashion,Backpack,5,1399,0.0,6995.0
ORD10466,2024-09-23,West,Consumer,Fashion,Denim Jeans,1,1599,0.0,1599.0
ORD10900,2024-09-23,North,Corporate,Fashion,Backpack,1,1399,0.2,1119.2
ORD11865,2024-09-23,West,Consumer,Fashion,Denim Jeans,2,1599,0.2,2558.4
ORD10360,2024-09-24,South,Consumer,Fashion,Backpack,4,1399,0.0,5596.0
ORD11068,2024-09-25,North,Small Business,Electronics,Power Bank,3,1299,0.1,3507.3
ORD10062,2024-09-25,West,Small Business,Home & Kitchen,Mixer Grinder,4,3299,0.0,13196.0
ORD10758,2024-09-25,East,Consumer,Electronics,Smartwatch,5,5999,0.0,29995.0
ORD10006,2024-09-25,South,Consumer,Electronics,Bluetooth Speaker,5,3499,0.0,17495.0
ORD11476,2024-09-25,West,Corporate,Home & Kitchen,Pressure Cooker,4,1899,0.1,6836.4
ORD11465,2024-09-26,North,Consumer,Home & Kitchen,Pressure Cooker,2,1899,0.0,3798.0
ORD12716,2024-09-27,East,Corporate,Electronics,Bluetooth Speaker,4,3499,0.1,12596.4
ORD11640,2024-09-27,North,Consumer,Home & Kitchen,Mixer Grinder,3,3299,0.1,8907.3
ORD10033,2024-09-28,South,Consumer,Electronics,Wireless Earbuds,5,2499,0.05,11870.25
ORD12207,2024-09-29,North,Consumer,Electronics,Power Bank,4,1299,0.0,5196.0
ORD12418,2024-09-29,East,Corporate,Fashion,Denim Jeans,3,1599,0.0,4797.0
ORD11517,2024-09-29,North,Consumer,Fashion,Denim Jeans,3,1599,0.0,4797.0
ORD12524,2024-09-30,West,Consumer,Electronics,Bluetooth Speaker,2,3499,0.05,6648.1
ORD11199,2024-09-30,North,Corporate,Fashion,Running Shoes,1,2799,0.05,2659.05
ORD11244,2024-09-30,South,Consumer,Fashion,Cotton Kurta,4,899,0.05,3416.2
ORD11513,2024-09-30,North,Consumer,Home & Kitchen,Water Bottle,3,499,0.2,1197.6
ORD10296,2024-09-30,North,Consumer,Fashion,Denim Jeans,2,1599,0.2,2558.4
ORD10683,2024-10-01,West,Consumer,Home & Kitchen,Water Bottle,8,499,0.0,3992.0
ORD12019,2024-10-01,South,Consumer,Books,Python Handbook,1,699,0.0,699.0
ORD12580,2024-10-01,South,Small Business,Fashion,Denim Jeans,4,1599,0.0,6396.0
ORD12004,2024-10-01,North,Consumer,Electronics,Wireless Earbuds,6,2499,0.2,11995.2
ORD12152,2024-10-02,West,Small Business,Books,Novel,5,399,0.0,1995.0
ORD11408,2024-10-02,East,Consumer,Books,Novel,3,399,0.0,1197.0
ORD12668,2024-10-02,West,Consumer,Home & Kitchen,Mixer Grinder,2,3299,0.0,6598.0
ORD10267,2024-10-02,North,Consumer,Home & Kitchen,Non-stick Pan,6,1199,0.0,7194.0
ORD12629,2024-10-03,North,Consumer,Electronics,Wireless Earbuds,6,2499,0.05,14244.3
ORD11532,2024-10-03,East,Consumer,Fashion,Denim Jeans,6,1599,0.0,9594.0
ORD11352,2024-10-03,South,Consumer,Home & Kitchen,Water Bottle,2,499,0.0,998.0
ORD12174,2024-10-03,North,Small Business,Electronics,Smartwatch,7,5999,0.0,41993.0
ORD11704,2024-10-04,East,Consumer,Books,SQL Basics,5,549,0.2,2196.0
ORD10191,2024-10-04,South,Consumer,Books,Python Handbook,2,699,0.2,1118.4
ORD11044,2024-10-04,South,Consumer,Electronics,Smartwatch,6,5999,0.0,35994.0
ORD12424,2024-10-04,North,Consumer,Electronics,Smartwatch,5,5999,0.2,23996.0
ORD11815,2024-10-04,West,Consumer,Fashion,Cotton Kurta,8,899,0.0,7192.0
ORD10366,2024-10-04,West,Small Business,Fashion,Denim Jeans,3,1599,0.2,3837.6
ORD11381,2024-10-05,South,Consumer,Home & Kitchen,Water Bottle,7,499,0.2,2794.4
ORD10693,2024-10-05,South,Consumer,Electronics,Bluetooth Speaker,2,3499,0.2,5598.4
ORD12333,2024-10-05,West,Corporate,Home & Kitchen,Water Bottle,6,499,0.2,2395.2
ORD10346,2024-10-05,West,Consumer,Books,Python Handbook,1,699,0.0,699.0
ORD12084,2024-10-05,North,Small Business,Home & Kitchen,Non-stick Pan,5,1199,0.0,5995.0
ORD11813,2024-10-05,West,Corporate,Electronics,Bluetooth Speaker,7,3499,0.2,19594.4
ORD12736,2024-10-05,West,Corporate,Electronics,Power Bank,4,1299,0.0,5196.0
ORD11131,2024-10-06,South,Consumer,Electronics,Smartwatch,4,5999,0.0,23996.0
ORD11511,2024-10-06,North,Corporate,Fashion,Backpack,4,1399,0.05,5316.2
ORD10336,2024-10-06,East,Corporate,Electronics,Wireless Earbuds,4,2499,0.0,9996.0
ORD11994,2024-10-07,North,Corporate,Home & Kitchen,Water Bottle,6,499,0.05,2844.3
ORD12604,2024-10-07,North,Consumer,Electronics,Wireless Earbuds,3,2499,0.2,5997.6
ORD11390,2024-10-07,South,Corporate,Fashion,Running Shoes,7,2799,0.05,18613.35
ORD12936,2024-10-07,South,Consumer,Fashion,Running Shoes,6,2799,0.1,15114.6
ORD11484,2024-10-07,North,Consumer,Home & Kitchen,Non-stick Pan,3,1199,0.05,3417.15
ORD10075,2024-10-07,South,Small Business,Books,SQL Basics,6,549,0.0,3294.0
ORD12967,2024-10-07,West,Consumer,Electronics,Bluetooth Speaker,5,3499,0.2,13996.0
ORD11568,2024-10-08,West,Small Business,Electronics,Power Bank,5,1299,0.1,5845.5
ORD12640,2024-10-08,West,Consumer,Home & Kitchen,Pressure Cooker,3,1899,0.0,5697.0
ORD12117,2024-10-09,North,Consumer,Fashion,Cotton Kurta,3,899,0.0,2697.0
ORD11627,2024-10-09,South,Consumer,Books,Python Handbook,6,699,0.2,3355.2
ORD11934,2024-10-09,West,Consumer,Home & Kitchen,Non-stick Pan,5,1199,0.05,5695.25
ORD10770,2024-10-09,South,Consumer,Home & Kitchen,Non-stick Pan,4,1199,0.05,4556.2
ORD11967,2024-10-09,South,Consumer,Home & Kitchen,Pressure Cooker,2,1899,0.1,3418.2
ORD10105,2024-10-10,North,Corporate,Electronics,Bluetooth Speaker,4,3499,0.0,13996.0
ORD12033,2024-10-10,East,Small Business,Electronics,Smartwatch,3,5999,0.2,14397.6
ORD11714,2024-10-10,North,Consumer,Fashion,Backpack,2,1399,0.1,2518.2
ORD11174,2024-10-11,North,Corporate,Home & Kitchen,Mixer Grinder,6,3299,0.0,19794.0
ORD11236,2024-10-11,South,Small Business,Home & Kitchen,Non-stick Pan,3,1199,0.2,2877.6
ORD12561,2024-10-11,North,Consumer,Home & Kitchen,Non-stick Pan,6,1199,0.0,7194.0
ORD12032,2024-10-11,West,Consumer,Home & Kitchen,Mixer Grinder,4,3299,0.1,11876.4
ORD11055,2024-10-11,West,Consumer,Fashion,Backpack,2,1399,0.05,2658.1
ORD11146,2024-10-12,South,Consumer,Electronics,Power Bank,6,1299,0.0,7794.0
ORD12576,2024-10-12,North,Consumer,Electronics,Power Bank,4,1299,0.0,5196.0
ORD11742,2024-10-12,North,Consumer,Electronics,Power Bank,5,1299,0.0,6495.0
ORD12971,2024-10-12,North,Consumer,Home & Kitchen,Mixer Grinder,5,3299,0.0,16495.0
ORD12766,2024-10-14,West,Corporate,Home & Kitchen,Non-stick Pan,4,1199,0.0,4796.0
ORD10530,2024-10-14,East,Consumer,Home & Kitchen,Mixer Grinder,4,3299,0.1,11876.4
ORD10571,2024-10-14,East,Consumer,Fashion,Denim Jeans,5,1599,0.05,7595.25
ORD12976,2024-10-14,South,Consumer,Electronics,Bluetooth Speaker,6,3499,0.1,18894.6
ORD10934,2024-10-15,South,Consumer,Electronics,Bluetooth Speaker,5,3499,0.0,17495.0
ORD12490,2024-10-15,East,Consumer,Books,Python Handbook,4,699,0.05,2656.2
ORD11392,2024-10-15,West,Corporate,Electronics,Smartwatch,6,5999,0.0,35994.0
ORD10202,2024-10-15,West,Consumer,Home & Kitchen,Pressure Cooker,3,1899,0.05,5412.15
ORD10230,2024-10-15,South,Consumer,Fashion,Cotton Kurta,5,899,0.1,4045.5
ORD11261,2024-10-15,North,Consumer,Home & Kitchen,Non-stick Pan,6,1199,0.05,6834.3
ORD12709,2024-10-15,West,Consumer,Fashion,Backpack,2,1399,0.0,2798.0
ORD12769,2024-10-15,North,Consumer,Home & Kitchen,Pressure Cooker,5,1899,0.0,9495.0
ORD10779,2024-10-16,North,Consumer,Fashion,Backpack,5,1399,0.0,6995.0
ORD11380,2024-10-16,North,Consumer,Electronics,Power Bank,8,1299,0.05,9872.4
ORD10456,2024-10-17,South,Consumer,Electronics,Bluetooth Speaker,1,3499,0.0,3499.0
ORD12425,2024-10-17,North,Corporate,Electronics,Power Bank,4,1299,0.05,4936.2
ORD12765,2024-10-17,North,Consumer,Home & Kitchen,Mixer Grinder,4,3299,0.0,13196.0
ORD11436,2024-10-18,South,Consumer,Home & Kitchen,Water Bottle,6,499,0.0,2994.0
ORD10971,2024-10-18,South,Corporate,Electronics,Bluetooth Speaker,4,3499,0.05,13296.2
ORD12257,2024-10-18,North,Small Business,Electronics,Smartwatch,2,5999,0.0,11998.0
ORD10233,2024-10-18,West,Small Business,Fashion,Cotton Kurta,6,899,0.0,5394.0
ORD10483,2024-10-18,East,Consumer,Electronics,Power Bank,3,1299,0.2,3117.6
ORD11520,2024-10-18,North,Corporate,Electronics,Smartwatch,5,5999,0.05,28495.25
ORD12261,2024-10-19,South,Consumer,Home & Kitchen,Water Bottle,5,499,0.0,2495.0
ORD10094,2024-10-19,East,Consumer,Home & Kitchen,Water Bottle,2,499,0.2,798.4
ORD11736,2024-10-19,West,Consumer,Fashion,Denim Jeans,5,1599,0.1,7195.5
ORD12707,2024-10-19,South,Consumer,Fashion,Running Shoes,4,2799,0.0,11196.0
ORD12474,2024-10-20,North,Corporate,Electronics,Wireless Earbuds,6,2499,0.0,14994.0
ORD12830,2024-10-20,South,Consumer,Electronics,Smartwatch,5,5999,0.05,28495.25
ORD10489,2024-10-20,North,Corporate,Books,Finance 101,6,799,0.05,4554.3
ORD12137,2024-10-20,East,Small Business,Electronics,Power Bank,2,1299,0.0,2598.0
ORD10212,2024-10-21,East,Corporate,Books,Novel,5,399,0.2,1596.0
ORD10951,2024-10-21,South,Consumer,Electronics,Wireless Earbuds,5,2499,0.0,12495.0
ORD11414,2024-10-21,North,Consumer,Electronics,Power Bank,5,1299,0.05,6170.25
ORD12145,2024-10-21,West,Small Business,Electronics,Power Bank,6,1299,0.0,7794.0
ORD10985,2024-10-21,North,Consumer,Electronics,Bluetooth Speaker,7,3499,0.0,24493.0
ORD10093,2024-10-22,South,Corporate,Electronics,Bluetooth Speaker,2,3499,0.0,6998.0
ORD12476,2024-10-22,West,Consumer,Fashion,Denim Jeans,3,1599,0.2,3837.6
ORD12782,2024-10-22,East,Corporate,Fashion,Denim Jeans,2,1599,0.0,3198.0
ORD11489,2024-10-22,South,Consumer,Fashion,Backpack,4,1399,0.05,5316.2
ORD12158,2024-10-22,North,Consumer,Books,Novel,4,399,0.05,1516.2
ORD11873,2024-10-23,East,Consumer,Electronics,Smartwatch,5,5999,0.2,23996.0
ORD12549,2024-10-24,West,Consumer,Electronics,Bluetooth Speaker,4,3499,0.1,12596.4
ORD10510,2024-10-24,West,Consumer,Home & Kitchen,Non-stick Pan,6,1199,0.0,7194.0
ORD11046,2024-10-24,North,Consumer,Fashion,Backpack,6,1399,0.0,8394.0
ORD10308,2024-10-24,West,Corporate,Fashion,Backpack,3,1399,0.0,4197.0
ORD12607,2024-10-24,North,Small Business,Electronics,Smartwatch,4,5999,0.1,21596.4
ORD10916,2024-10-24,East,Small Business,Electronics,Bluetooth Speaker,7,3499,0.0,24493.0
ORD10166,2024-10-25,West,Consumer,Home & Kitchen,Mixer Grinder,5,3299,0.0,16495.0
ORD12354,2024-10-25,South,Corporate,Fashion,Cotton Kurta,6,899,0.2,4315.2
ORD10204,2024-10-25,East,Consumer,Electronics,Smartwatch,4,5999,0.05,22796.2
ORD12399,2024-10-26,South,Corporate,Electronics,Wireless Earbuds,3,2499,0.1,6747.3
ORD11130,2024-10-26,West,Corporate,Books,Novel,2,399,0.1,718.2
ORD12419,2024-10-27,North,Consumer,Books,Novel,5,399,0.0,1995.0
ORD10231,2024-10-27,North,Consumer,Electronics,Wireless Earbuds,7,2499,0.2,13994.4
ORD10949,2024-10-27,East,Consumer,Home & Kitchen,Non-stick Pan,7,1199,0.2,6714.4
ORD11061,2024-10-27,North,Consumer,Fashion,Cotton Kurta,3,899,0.1,2427.3
ORD10123,2024-10-27,West,Consumer,Home & Kitchen,Water Bottle,6,499,0.2,2395.2
ORD11763,2024-10-28,South,Consumer,Home & Kitchen,Mixer Grinder,4,3299,0.0,13196.0
ORD11575,2024-10-28,West,Corporate,Fashion,Denim Jeans,6,1599,0.0,9594.0
ORD10562,2024-10-29,South,Consumer,Electronics,Smartwatch,6,5999,0.0,35994.0
ORD11000,2024-10-29,West,Consumer,Books,Novel,5,399,0.0,1995.0
ORD12755,2024-10-29,West,Consumer,Books,Novel,8,399,0.0,3192.0
ORD10639,2024-10-29,North,Consumer,Home & Kitchen,Pressure Cooker,4,1899,0.0,7596.0
ORD12311,2024-10-29,West,Consumer,Electronics,Power Bank,4,1299,0.1,4676.4
ORD11611,2024-10-29,West,Small Business,Fashion,Backpack,5,1399,0.0,6995.0
ORD11848,2024-10-29,East,Consumer,Home & Kitchen,Non-stick Pan,1,1199,0.0,1199.0
ORD10269,2024-10-30,East,Consumer,Electronics,Bluetooth Speaker,5,3499,0.2,13996.0
ORD12082,2024-10-30,West,Consumer,Home & Kitchen,Pressure Cooker,4,1899,0.05,7216.2
ORD12367,2024-10-30,West,Consumer,Fashion,Denim Jeans,1,1599,0.0,1599.0
ORD12579,2024-10-30,South,Small Business,Electronics,Power Bank,2,1299,0.2,2078.4
ORD11219,2024-10-30,South,Consumer,Home & Kitchen,Non-stick Pan,5,1199,0.05,5695.25
ORD12459,2024-10-30,North,Corporate,Electronics,Wireless Earbuds,6,2499,0.0,14994.0
ORD12920,2024-10-30,South,Consumer,Electronics,Wireless Earbuds,4,2499,0.0,9996.0
ORD10391,2024-10-30,West,Consumer,Fashion,Running Shoes,2,2799,0.05,5318.1
ORD12588,2024-10-30,West,Consumer,Electronics,Wireless Earbuds,3,2499,0.0,7497.0
ORD12068,2024-10-30,North,Consumer,Electronics,Bluetooth Speaker,2,3499,0.0,6998.0
ORD10936,2024-10-30,West,Consumer,Books,SQL Basics,6,549,0.05,3129.3
ORD11936,2024-10-31,North,Consumer,Fashion,Running Shoes,6,2799,0.0,16794.0
ORD11999,2024-10-31,South,Consumer,Fashion,Running Shoes,1,2799,0.0,2799.0
ORD10027,2024-11-01,South,Small Business,Fashion,Running Shoes,1,2799,0.0,2799.0
ORD11453,2024-11-01,North,Consumer,Electronics,Power Bank,3,1299,0.0,3897.0
ORD12031,2024-11-01,North,Consumer,Electronics,Bluetooth Speaker,4,3499,0.0,13996.0
ORD10744,2024-11-01,North,Consumer,Home & Kitchen,Mixer Grinder,7,3299,0.0,23093.0
ORD11599,2024-11-02,West,Corporate,Home & Kitchen,Non-stick Pan,7,1199,0.2,6714.4
ORD12109,2024-11-02,West,Corporate,Electronics,Smartwatch,5,5999,0.0,29995.0
ORD10046,2024-11-02,West,Consumer,Books,Finance 101,6,799,0.0,4794.0
ORD10721,2024-11-02,East,Consumer,Home & Kitchen,Mixer Grinder,6,3299,0.0,19794.0
ORD11227,2024-11-03,North,Corporate,Home & Kitchen,Non-stick Pan,4,1199,0.0,4796.0
ORD10349,2024-11-03,West,Consumer,Electronics,Bluetooth Speaker,3,3499,0.1,9447.3
ORD12008,2024-11-03,North,Consumer,Home & Kitchen,Mixer Grinder,4,3299,0.0,13196.0
ORD12135,2024-11-03,East,Corporate,Books,Python Handbook,2,699,0.05,1328.1
ORD10116,2024-11-03,East,Corporate,Home & Kitchen,Pressure Cooker,3,1899,0.0,5697.0
ORD11404,2024-11-04,North,Consumer,Electronics,Smartwatch,3,5999,0.1,16197.3
ORD10697,2024-11-04,West,Consumer,Books,SQL Basics,1,549,0.0,549.0
ORD11235,2024-11-04,North,Corporate,Fashion,Cotton Kurta,5,899,0.1,4045.5
ORD12556,2024-11-05,South,Consumer,Books,SQL Basics,3,549,0.0,1647.0
ORD11194,2024-11-05,East,Consumer,Electronics,Wireless Earbuds,4,2499,0.0,9996.0
ORD12921,2024-11-05,North,Small Business,Home & Kitchen,Mixer Grinder,3,3299,0.2,7917.6
ORD11942,2024-11-05,West,Corporate,Electronics,Wireless Earbuds,8,2499,0.0,19992.0
ORD12863,2024-11-05,North,Consumer,Fashion,Denim Jeans,2,1599,0.2,2558.4
ORD12342,2024-11-05,West,Consumer,Electronics,Smartwatch,4,5999,0.05,22796.2
ORD11909,2024-11-06,North,Consumer,Electronics,Power Bank,1,1299,0.2,1039.2
ORD10923,2024-11-06,South,Consumer,Fashion,Denim Jeans,4,1599,0.0,6396.0
ORD11588,2024-11-06,North,Consumer,Home & Kitchen,Non-stick Pan,5,1199,0.0,5995.0
ORD11729,2024-11-07,South,Corporate,Fashion,Running Shoes,8,2799,0.0,22392.0
ORD10751,2024-11-08,South,Consumer,Fashion,Denim Jeans,5,1599,0.05,7595.25
ORD12821,2024-11-08,South,Consumer,Home & Kitchen,Mixer Grinder,3,3299,0.0,9897.0
ORD10293,2024-11-08,East,Small Business,Fashion,Running Shoes,3,2799,0.05,7977.15
ORD10465,2024-11-08,North,Small Business,Electronics,Smartwatch,5,5999,0.2,23996.0
ORD12011,2024-11-08,East,Corporate,Fashion,Backpack,6,1399,0.1,7554.6
ORD11770,2024-11-09,West,Consumer,Home & Kitchen,Mixer Grinder,8,3299,0.05,25072.4
ORD10988,2024-11-09,West,Consumer,Home & Kitchen,Pressure Cooker,3,1899,0.0,5697.0
ORD11637,2024-11-09,North,Corporate,Electronics,Bluetooth Speaker,6,3499,0.2,16795.2
ORD10953,2024-11-09,West,Consumer,Fashion,Cotton Kurta,1,899,0.0,899.0
ORD11978,2024-11-09,South,Corporate,Electronics,Power Bank,2,1299,0.1,2338.2
ORD11899,2024-11-09,North,Corporate,Home & Kitchen,Mixer Grinder,8,3299,0.1,23752.8
ORD12266,2024-11-10,North,Small Business,Home & Kitchen,Water Bottle,4,499,0.2,1596.8
ORD11945,2024-11-10,West,Consumer,Electronics,Smartwatch,6,5999,0.0,35994.0
ORD12168,2024-11-10,North,Corporate,Fashion,Denim Jeans,4,1599,0.1,5756.4
ORD10098,2024-11-11,West,Consumer,Home & Kitchen,Non-stick Pan,6,1199,0.2,5755.2
ORD12468,2024-11-11,South,Consumer,Electronics,Smartwatch,3,5999,0.0,17997.0
ORD10453,2024-11-11,North,Consumer,Books,Novel,2,399,0.0,798.0
ORD12448,2024-11-11,West,Consumer,Electronics,Smartwatch,5,5999,0.05,28495.25
ORD12351,2024-11-11,West,Corporate,Fashion,Backpack,4,1399,0.0,5596.0
ORD12672,2024-11-11,North,Corporate,Fashion,Running Shoes,7,2799,0.0,19593.0
ORD10147,2024-11-11,South,Corporate,Electronics,Wireless Earbuds,4,2499,0.0,9996.0
ORD12449,2024-11-11,South,Small Business,Fashion,Running Shoes,5,2799,0.0,13995.0
ORD11786,2024-11-12,South,Consumer,Electronics,Power Bank,6,1299,0.1,7014.6
ORD10564,2024-11-12,South,Consumer,Electronics,Wireless Earbuds,5,2499,0.0,12495.0
ORD10266,2024-11-12,East,Consumer,Electronics,Power Bank,6,1299,0.0,7794.0
ORD12029,2024-11-13,West,Consumer,Home & Kitchen,Pressure Cooker,6,1899,0.0,11394.0
ORD10040,2024-11-13,East,Consumer,Electronics,Wireless Earbuds,1,2499,0.0,2499.0
ORD10197,2024-11-13,South,Corporate,Fashion,Cotton Kurta,4,899,0.0,3596.0
ORD11879,2024-11-14,East,Consumer,Electronics,Power Bank,8,1299,0.0,10392.0
ORD12504,2024-11-14,West,Small Business,Electronics,Smartwatch,4,5999,0.2,19196.8
ORD11799,2024-11-14,North,Consumer,Fashion,Denim Jeans,4,1599,0.1,5756.4
ORD11990,2024-11-15,South,Small Business,Electronics,Smartwatch,6,5999,0.0,35994.0
ORD10102,2024-11-15,East,Consumer,Fashion,Backpack,4,1399,0.1,5036.4
ORD10759,2024-11-15,South,Small Business,Home & Kitchen,Non-stick Pan,4,1199,0.1,4316.4
ORD10755,2024-11-15,East,Small Business,Fashion,Running Shoes,7,2799,0.05,18613.35
ORD12547,2024-11-16,South,Small Business,Home & Kitchen,Non-stick Pan,2,1199,0.05,2278.1
ORD12065,2024-11-16,West,Consumer,Electronics,Wireless Earbuds,7,2499,0.05,16618.35
ORD11995,2024-11-16,West,Consumer,Home & Kitchen,Water Bottle,5,499,0.2,1996.0
ORD11471,2024-11-17,West,Consumer,Home & Kitchen,Pressure Cooker,5,1899,0.05,9020.25
ORD11560,2024-11-17,North,Corporate,Electronics,Wireless Earbuds,6,2499,0.0,14994.0
ORD10367,2024-11-17,South,Consumer,Books,Finance 101,7,799,0.0,5593.0
ORD11008,2024-11-17,North,Consumer,Books,Python Handbook,5,699,0.0,3495.0
ORD12953,2024-11-18,West,Consumer,Fashion,Cotton Kurta,7,899,0.0,6293.0
ORD11931,2024-11-18,West,Consumer,Home & Kitchen,Water Bottle,6,499,0.0,2994.0
ORD12316,2024-11-19,North,Consumer,Fashion,Running Shoes,3,2799,0.05,7977.15
ORD12276,2024-11-19,West,Consumer,Books,Finance 101,2,799,0.2,1278.4
ORD10092,2024-11-19,South,Consumer,Electronics,Bluetooth Speaker,5,3499,0.1,15745.5
ORD12937,2024-11-19,West,Consumer,Electronics,Smartwatch,7,5999,0.0,41993.0
ORD10962,2024-11-19,West,Corporate,Home & Kitchen,Mixer Grinder,5,3299,0.05,15670.25
ORD10444,2024-11-20,East,Small Business,Electronics,Power Bank,7,1299,0.0,9093.0
ORD12181,2024-11-21,South,Consumer,Home & Kitchen,Water Bottle,5,499,0.2,1996.0
ORD10929,2024-11-22,West,Consumer,Fashion,Backpack,4,1399,0.0,5596.0
ORD10909,2024-11-22,North,Corporate,Books,Novel,7,399,0.2,2234.4
ORD11122,2024-11-22,South,Small Business,Electronics,Bluetooth Speaker,6,3499,0.05,19944.3
ORD10774,2024-11-23,North,Consumer,Fashion,Running Shoes,4,2799,0.1,10076.4
ORD11286,2024-11-23,West,Consumer,Home & Kitchen,Mixer Grinder,6,3299,0.1,17814.6
ORD11979,2024-11-23,West,Small Business,Electronics,Wireless Earbuds,6,2499,0.1,13494.6
ORD12428,2024-11-23,North,Consumer,Books,Finance 101,7,799,0.0,5593.0
ORD10424,2024-11-23,West,Consumer,Home & Kitchen,Mixer Grinder,5,3299,0.0,16495.0
ORD10129,2024-11-24,North,Consumer,Electronics,Smartwatch,6,5999,0.2,28795.2
ORD12421,2024-11-24,South,Small Business,Electronics,Wireless Earbuds,8,2499,0.05,18992.4
ORD11530,2024-11-24,West,Consumer,Fashion,Cotton Kurta,4,899,0.05,3416.2
ORD12979,2024-11-24,West,Consumer,Books,SQL Basics,6,549,0.0,3294.0
ORD10948,2024-11-24,South,Consumer,Fashion,Running Shoes,4,2799,0.2,8956.8
ORD10799,2024-11-24,East,Small Business,Electronics,Power Bank,4,1299,0.05,4936.2
ORD10186,2024-11-24,South,Consumer,Fashion,Denim Jeans,7,1599,0.0,11193.0
ORD10828,2024-11-24,South,Consumer,Home & Kitchen,Mixer Grinder,4,3299,0.0,13196.0
ORD10003,2024-11-25,East,Corporate,Home & Kitchen,Mixer Grinder,5,3299,0.2,13196.0
ORD11961,2024-11-25,East,Consumer,Electronics,Power Bank,1,1299,0.0,1299.0
ORD11001,2024-11-25,East,Corporate,Books,SQL Basics,3,549,0.0,1647.0
ORD12185,2024-11-25,South,Corporate,Home & Kitchen,Water Bottle,5,499,0.0,2495.0
ORD11245,2024-11-25,East,Consumer,Books,SQL Basics,4,549,0.0,2196.0
ORD11248,2024-11-26,East,Corporate,Books,SQL Basics,6,549,0.0,3294.0
ORD12566,2024-11-26,North,Corporate,Fashion,Denim Jeans,7,1599,0.0,11193.0
ORD10607,2024-11-27,West,Consumer,Fashion,Cotton Kurta,5,899,0.2,3596.0
ORD10050,2024-11-27,North,Consumer,Fashion,Backpack,8,1399,0.0,11192.0
ORD10333,2024-11-27,South,Corporate,Fashion,Backpack,8,1399,0.0,11192.0
ORD10942,2024-11-27,South,Consumer,Electronics,Smartwatch,5,5999,0.2,23996.0
ORD11088,2024-11-27,West,Consumer,Fashion,Running Shoes,4,2799,0.1,10076.4
ORD12651,2024-11-27,North,Consumer,Books,SQL Basics,4,549,0.0,2196.0
ORD10082,2024-11-27,East,Consumer,Fashion,Cotton Kurta,5,899,0.0,4495.0
ORD12947,2024-11-27,West,Small Business,Books,Finance 101,6,799,0.1,4314.6
ORD12776,2024-11-27,North,Corporate,Home & Kitchen,Mixer Grinder,1,3299,0.05,3134.05
ORD11544,2024-11-27,East,Consumer,Fashion,Cotton Kurta,4,899,0.1,3236.4
ORD11379,2024-11-28,West,Consumer,Electronics,Power Bank,5,1299,0.0,6495.0
ORD10614,2024-11-28,West,Consumer,Home & Kitchen,Pressure Cooker,3,1899,0.1,5127.3
ORD11328,2024-11-28,South,Consumer,Electronics,Wireless Earbuds,6,2499,0.2,11995.2
ORD10216,2024-11-28,North,Consumer,Fashion,Backpack,2,1399,0.1,2518.2
ORD11686,2024-11-28,South,Small Business,Fashion,Denim Jeans,8,1599,0.1,11512.8
ORD12383,2024-11-28,South,Corporate,Electronics,Bluetooth Speaker,7,3499,0.0,24493.0
ORD11091,2024-11-28,West,Consumer,Home & Kitchen,Water Bottle,1,499,0.05,474.05
ORD11083,2024-11-28,North,Small Business,Home & Kitchen,Mixer Grinder,2,3299,0.1,5938.2
ORD11688,2024-11-28,West,Consumer,Home & Kitchen,Water Bottle,4,499,0.0,1996.0
ORD11691,2024-11-29,South,Consumer,Fashion,Backpack,6,1399,0.0,8394.0
ORD11065,2024-11-29,West,Consumer,Home & Kitchen,Mixer Grinder,6,3299,0.2,15835.2
ORD10214,2024-11-29,South,Consumer,Electronics,Smartwatch,3,5999,0.05,17097.15
ORD12097,2024-11-29,North,Corporate,Fashion,Denim Jeans,5,1599,0.1,7195.5
ORD12681,2024-11-30,North,Consumer,Books,Novel,2,399,0.1,718.2
ORD10835,2024-11-30,South,Consumer,Electronics,Bluetooth Speaker,5,3499,0.05,16620.25
ORD12101,2024-12-01,East,Consumer,Fashion,Backpack,5,1399,0.2,5596.0
ORD10548,2024-12-01,South,Corporate,Books,Finance 101,5,799,0.2,3196.0
ORD12413,2024-12-01,North,Consumer,Electronics,Wireless Earbuds,3,2499,0.1,6747.3
ORD10089,2024-12-01,North,Small Business,Electronics,Power Bank,2,1299,0.0,2598.0
ORD12818,2024-12-02,North,Corporate,Electronics,Bluetooth Speaker,5,3499,0.2,13996.0
ORD12520,2024-12-02,South,Small Business,Electronics,Wireless Earbuds,5,2499,0.0,12495.0
ORD11258,2024-12-02,West,Consumer,Electronics,Bluetooth Speaker,1,3499,0.05,3324.05
ORD12886,2024-12-02,South,Corporate,Home & Kitchen,Water Bottle,5,499,0.0,2495.0
ORD10307,2024-12-02,South,Consumer,Home & Kitchen,Pressure Cooker,3,1899,0.0,5697.0
ORD12534,2024-12-03,South,Consumer,Books,Novel,1,399,0.2,319.2
ORD11777,2024-12-03,North,Small Business,Books,SQL Basics,2,549,0.0,1098.0
ORD10955,2024-12-04,North,Corporate,Electronics,Bluetooth Speaker,3,3499,0.0,10497.0
ORD12234,2024-12-04,West,Consumer,Books,SQL Basics,2,549,0.1,988.2
ORD10007,2024-12-04,East,Consumer,Home & Kitchen,Mixer Grinder,2,3299,0.0,6598.0
ORD12121,2024-12-05,East,Consumer,Electronics,Bluetooth Speaker,5,3499,0.05,16620.25
ORD12869,2024-12-06,East,Consumer,Fashion,Running Shoes,1,2799,0.0,2799.0
ORD10634,2024-12-06,South,Consumer,Fashion,Cotton Kurta,2,899,0.0,1798.0
ORD12026,2024-12-06,West,Consumer,Home & Kitchen,Water Bottle,2,499,0.05,948.1
ORD12314,2024-12-07,North,Consumer,Electronics,Wireless Earbuds,1,2499,0.2,1999.2
ORD11787,2024-12-07,North,Corporate,Electronics,Bluetooth Speaker,1,3499,0.0,3499.0
ORD10908,2024-12-07,South,Consumer,Electronics,Smartwatch,3,5999,0.05,17097.15
ORD10410,2024-12-07,South,Consumer,Home & Kitchen,Pressure Cooker,2,1899,0.0,3798.0
ORD11711,2024-12-07,North,Consumer,Electronics,Smartwatch,2,5999,0.0,11998.0
ORD12060,2024-12-08,South,Consumer,Home & Kitchen,Mixer Grinder,4,3299,0.1,11876.4
ORD12800,2024-12-08,East,Consumer,Books,SQL Basics,4,549,0.05,2086.2
ORD12964,2024-12-08,West,Consumer,Home & Kitchen,Mixer Grinder,4,3299,0.0,13196.0
ORD11246,2024-12-09,East,Small Business,Home & Kitchen,Water Bottle,2,499,0.0,998.0
ORD11758,2024-12-09,South,Small Business,Electronics,Bluetooth Speaker,5,3499,0.0,17495.0
ORD12263,2024-12-09,West,Consumer,Electronics,Smartwatch,3,5999,0.0,17997.0
ORD10650,2024-12-10,West,Consumer,Electronics,Power Bank,1,1299,0.2,1039.2
ORD10525,2024-12-10,South,Corporate,Home & Kitchen,Non-stick Pan,5,1199,0.1,5395.5
ORD10452,2024-12-10,East,Small Business,Electronics,Bluetooth Speaker,3,3499,0.05,9972.15
ORD10285,2024-12-10,South,Corporate,Home & Kitchen,Mixer Grinder,4,3299,0.2,10556.8
ORD10433,2024-12-10,South,Small Business,Electronics,Wireless Earbuds,4,2499,0.2,7996.8
ORD12085,2024-12-11,West,Consumer,Fashion,Running Shoes,4,2799,0.0,11196.0
ORD11036,2024-12-12,West,Consumer,Fashion,Backpack,3,1399,0.1,3777.3
ORD10594,2024-12-12,East,Consumer,Electronics,Smartwatch,2,5999,0.2,9598.4
ORD11148,2024-12-12,South,Small Business,Electronics,Power Bank,2,1299,0.05,2468.1
ORD10096,2024-12-12,East,Consumer,Home & Kitchen,Water Bottle,4,499,0.05,1896.2
ORD12214,2024-12-12,South,Small Business,Home & Kitchen,Mixer Grinder,3,3299,0.0,9897.0
ORD10292,2024-12-13,East,Small Business,Fashion,Denim Jeans,4,1599,0.2,5116.8
ORD10151,2024-12-13,West,Consumer,Home & Kitchen,Mixer Grinder,2,3299,0.05,6268.1
ORD11102,2024-12-13,North,Corporate,Home & Kitchen,Water Bottle,2,499,0.1,898.2
ORD11463,2024-12-13,West,Corporate,Electronics,Smartwatch,3,5999,0.2,14397.6
ORD11755,2024-12-13,South,Consumer,Fashion,Running Shoes,2,2799,0.0,5598.0
ORD10859,2024-12-13,South,Consumer,Home & Kitchen,Mixer Grinder,2,3299,0.2,5278.4
ORD12741,2024-12-14,West,Corporate,Fashion,Running Shoes,2,2799,0.05,5318.1
ORD11432,2024-12-14,North,Consumer,Fashion,Denim Jeans,1,1599,0.0,1599.0
ORD12751,2024-12-14,North,Corporate,Books,Python Handbook,5,699,0.2,2796.0
ORD11731,2024-12-14,North,Consumer,Home & Kitchen,Mixer Grinder,1,3299,0.2,2639.2
ORD11369,2024-12-14,North,Consumer,Home & Kitchen,Mixer Grinder,5,3299,0.0,16495.0
ORD10118,2024-12-15,West,Consumer,Fashion,Running Shoes,5,2799,0.05,13295.25
ORD10290,2024-12-15,North,Small Business,Home & Kitchen,Mixer Grinder,2,3299,0.1,5938.2
ORD12191,2024-12-16,North,Corporate,Electronics,Smartwatch,4,5999,0.0,23996.0
ORD12048,2024-12-16,North,Consumer,Home & Kitchen,Pressure Cooker,4,1899,0.0,7596.0
ORD12558,2024-12-18,South,Consumer,Home & Kitchen,Mixer Grinder,3,3299,0.0,9897.0
ORD12911,2024-12-19,North,Consumer,Fashion,Running Shoes,1,2799,0.0,2799.0
ORD11622,2024-12-19,North,Consumer,Electronics,Wireless Earbuds,3,2499,0.0,7497.0
ORD10727,2024-12-19,North,Consumer,Home & Kitchen,Mixer Grinder,4,3299,0.2,10556.8
ORD11178,2024-12-19,South,Consumer,Books,SQL Basics,5,549,0.2,2196.0
ORD11225,2024-12-20,West,Consumer,Home & Kitchen,Pressure Cooker,5,1899,0.2,7596.0
ORD11387,2024-12-20,South,Consumer,Books,SQL Basics,2,549,0.0,1098.0
ORD10237,2024-12-21,South,Consumer,Fashion,Cotton Kurta,5,899,0.0,4495.0
ORD12635,2024-12-21,North,Consumer,Fashion,Running Shoes,5,2799,0.0,13995.0
ORD12574,2024-12-21,South,Corporate,Electronics,Bluetooth Speaker,5,3499,0.0,17495.0
ORD12623,2024-12-21,North,Consumer,Fashion,Cotton Kurta,4,899,0.0,3596.0
ORD11690,2024-12-21,North,Corporate,Electronics,Smartwatch,5,5999,0.0,29995.0
ORD10028,2024-12-21,South,Consumer,Home & Kitchen,Water Bottle,3,499,0.1,1347.3
ORD10833,2024-12-21,East,Corporate,Fashion,Running Shoes,3,2799,0.05,7977.15
ORD11806,2024-12-22,South,Small Business,Electronics,Smartwatch,3,5999,0.05,17097.15
ORD12289,2024-12-22,East,Consumer,Fashion,Cotton Kurta,5,899,0.0,4495.0
ORD10901,2024-12-23,East,Corporate,Fashion,Backpack,5,1399,0.1,6295.5
ORD12222,2024-12-23,South,Small Business,Fashion,Backpack,4,1399,0.0,5596.0
ORD10044,2024-12-23,South,Corporate,Electronics,Bluetooth Speaker,5,3499,0.0,17495.0
ORD12927,2024-12-23,North,Corporate,Electronics,Smartwatch,4,5999,0.05,22796.2
ORD11066,2024-12-23,West,Small Business,Books,Python Handbook,4,699,0.2,2236.8
ORD10823,2024-12-23,North,Consumer,Fashion,Backpack,4,1399,0.0,5596.0
ORD10797,2024-12-24,North,Small Business,Fashion,Running Shoes,2,2799,0.2,4478.4
ORD10295,2024-12-24,North,Consumer,Electronics,Smartwatch,3,5999,0.1,16197.3
ORD11878,2024-12-24,East,Corporate,Home & Kitchen,Water Bottle,1,499,0.0,499.0
ORD11226,2024-12-24,East,Corporate,Home & Kitchen,Mixer Grinder,1,3299,0.05,3134.05
ORD12487,2024-12-25,South,Consumer,Books,SQL Basics,4,549,0.0,2196.0
ORD11220,2024-12-25,South,Consumer,Electronics,Wireless Earbuds,5,2499,0.1,11245.5
ORD12188,2024-12-25,North,Corporate,Home & Kitchen,Pressure Cooker,1,1899,0.0,1899.0
ORD10268,2024-12-25,South,Corporate,Electronics,Smartwatch,3,5999,0.2,14397.6
ORD10071,2024-12-25,East,Consumer,Electronics,Bluetooth Speaker,1,3499,0.1,3149.1
ORD12438,2024-12-25,South,Consumer,Home & Kitchen,Mixer Grinder,1,3299,0.0,3299.0
ORD11783,2024-12-25,East,Consumer,Fashion,Running Shoes,2,2799,0.0,5598.0
ORD10249,2024-12-26,South,Consumer,Home & Kitchen,Non-stick Pan,3,1199,0.0,3597.0
ORD10894,2024-12-26,North,Consumer,Books,Python Handbook,2,699,0.0,1398.0
ORD11726,2024-12-26,South,Corporate,Fashion,Backpack,1,1399,0.0,1399.0
ORD12255,2024-12-26,South,Consumer,Electronics,Power Bank,5,1299,0.0,6495.0
ORD12952,2024-12-26,North,Consumer,Books,Finance 101,3,799,0.0,2397.0
ORD10023,2024-12-26,East,Corporate,Home & Kitchen,Water Bottle,2,499,0.05,948.1
ORD10885,2024-12-27,South,Consumer,Electronics,Power Bank,3,1299,0.1,3507.3
ORD10557,2024-12-27,West,Consumer,Home & Kitchen,Pressure Cooker,4,1899,0.0,7596.0
ORD11145,2024-12-28,South,Corporate,Fashion,Cotton Kurta,4,899,0.0,3596.0
ORD12140,2024-12-28,West,Small Business,Electronics,Wireless Earbuds,5,2499,0.2,9996.0
ORD12945,2024-12-28,North,Corporate,Home & Kitchen,Water Bottle,5,499,0.2,1996.0
ORD11760,2024-12-28,South,Consumer,Electronics,Power Bank,5,1299,0.1,5845.5
ORD10259,2024-12-28,South,Consumer,Fashion,Backpack,2,1399,0.2,2238.4
ORD11026,2024-12-28,North,Consumer,Home & Kitchen,Mixer Grinder,5,3299,0.0,16495.0
ORD10133,2024-12-29,South,Corporate,Electronics,Smartwatch,2,5999,0.05,11398.1
ORD11712,2024-12-29,South,Consumer,Electronics,Wireless Earbuds,2,2499,0.0,4998.0
ORD12618,2024-12-30,North,Consumer,Electronics,Power Bank,3,1299,0.1,3507.3
ORD11645,2024-12-30,West,Consumer,Home & Kitchen,Pressure Cooker,2,1899,0.05,3608.1
ORD12104,2024-12-31,West,Corporate,Fashion,Running Shoes,2,2799,0.2,4478.4
ORD10002,2024-12-31,West,Consumer,Books,SQL Basics,4,549,0.05,2086.2
ORD11555,2024-12-31,West,Consumer,Electronics,Bluetooth Speaker,2,3499,0.05,6648.1
ORD11237,2024-12-31,West,Consumer,Books,Finance 101,5,799,0.2,3196.0
ORD11079,2025-01-01,South,Small Business,Fashion,Running Shoes,5,2799,0.0,13995.0
ORD12994,2025-01-01,South,Consumer,Fashion,Backpack,3,1399,0.0,4197.0
ORD10018,2025-01-01,East,Consumer,Home & Kitchen,Mixer Grinder,2,3299,0.0,6598.0
ORD12642,2025-01-01,South,Consumer,Fashion,Denim Jeans,1,1599,0.0,1599.0
ORD12977,2025-01-01,South,Consumer,Electronics,Power Bank,2,1299,0.0,2598.0
ORD11472,2025-01-02,North,Consumer,Fashion,Running Shoes,2,2799,0.0,5598.0
ORD11768,2025-01-02,South,Small Business,Books,SQL Basics,1,549,0.0,549.0
ORD10814,2025-01-02,North,Consumer,Fashion,Denim Jeans,2,1599,0.0,3198.0
ORD11947,2025-01-03,West,Corporate,Home & Kitchen,Non-stick Pan,5,1199,0.05,5695.25
ORD11144,2025-01-03,North,Consumer,Fashion,Denim Jeans,3,1599,0.1,4317.3
ORD12541,2025-01-03,North,Consumer,Fashion,Backpack,3,1399,0.0,4197.0
ORD10331,2025-01-04,West,Consumer,Home & Kitchen,Water Bottle,5,499,0.1,2245.5
ORD11744,2025-01-04,South,Corporate,Electronics,Smartwatch,5,5999,0.0,29995.0
ORD11891,2025-01-05,East,Consumer,Home & Kitchen,Water Bottle,5,499,0.0,2495.0
ORD12723,2025-01-05,North,Small Business,Electronics,Power Bank,2,1299,0.1,2338.2
ORD11483,2025-01-05,East,Small Business,Electronics,Smartwatch,5,5999,0.05,28495.25
ORD12983,2025-01-05,South,Corporate,Fashion,Running Shoes,1,2799,0.0,2799.0
ORD12565,2025-01-05,West,Corporate,Electronics,Smartwatch,5,5999,0.1,26995.5
ORD12900,2025-01-05,South,Small Business,Books,Novel,5,399,0.1,1795.5
ORD10541,2025-01-06,East,Small Business,Fashion,Denim Jeans,3,1599,0.05,4557.15
ORD10445,2025-01-06,West,Small Business,Fashion,Backpack,4,1399,0.0,5596.0
ORD11337,2025-01-06,North,Consumer,Electronics,Bluetooth Speaker,1,3499,0.05,3324.05
ORD10531,2025-01-06,East,Small Business,Electronics,Bluetooth Speaker,2,3499,0.0,6998.0
ORD12406,2025-01-07,North,Small Business,Home & Kitchen,Water Bottle,5,499,0.05,2370.25
ORD11610,2025-01-07,East,Corporate,Books,Novel,2,399,0.1,718.2
ORD12462,2025-01-07,South,Consumer,Electronics,Smartwatch,1,5999,0.0,5999.0
ORD11313,2025-01-07,North,Consumer,Electronics,Smartwatch,3,5999,0.2,14397.6
ORD11346,2025-01-07,East,Consumer,Fashion,Backpack,1,1399,0.0,1399.0
ORD10203,2025-01-07,South,Consumer,Fashion,Running Shoes,2,2799,0.1,5038.2
ORD12864,2025-01-08,West,Corporate,Books,Finance 101,4,799,0.2,2556.8
ORD10996,2025-01-09,South,Consumer,Electronics,Wireless Earbuds,3,2499,0.0,7497.0
ORD12375,2025-01-09,West,Consumer,Electronics,Smartwatch,1,5999,0.05,5699.05
ORD11496,2025-01-09,South,Small Business,Books,Finance 101,4,799,0.0,3196.0
ORD10765,2025-01-09,South,Small Business,Fashion,Cotton Kurta,3,899,0.05,2562.15
ORD11843,2025-01-09,West,Small Business,Fashion,Running Shoes,5,2799,0.2,11196.0
ORD12616,2025-01-10,East,Consumer,Books,Novel,5,399,0.0,1995.0
ORD10275,2025-01-10,West,Corporate,Books,SQL Basics,1,549,0.0,549.0
ORD12562,2025-01-10,South,Consumer,Home & Kitchen,Pressure Cooker,2,1899,0.0,3798.0
ORD12409,2025-01-10,South,Consumer,Home & Kitchen,Pressure Cooker,3,1899,0.05,5412.15
ORD10700,2025-01-10,West,Small Business,Books,Novel,1,399,0.0,399.0
ORD10060,2025-01-10,North,Consumer,Home & Kitchen,Water Bottle,4,499,0.0,1996.0
ORD11700,2025-01-11,South,Consumer,Electronics,Bluetooth Speaker,1,3499,0.0,3499.0
ORD10079,2025-01-11,West,Small Business,Fashion,Backpack,3,1399,0.0,4197.0
ORD12080,2025-01-11,South,Consumer,Fashion,Denim Jeans,4,1599,0.0,6396.0
ORD10358,2025-01-11,West,Consumer,Home & Kitchen,Non-stick Pan,3,1199,0.0,3597.0
ORD10670,2025-01-12,South,Consumer,Electronics,Bluetooth Speaker,4,3499,0.2,11196.8
ORD12437,2025-01-12,West,Consumer,Home & Kitchen,Non-stick Pan,2,1199,0.05,2278.1
ORD11363,2025-01-12,North,Corporate,Electronics,Bluetooth Speaker,1,3499,0.2,2799.2
ORD12482,2025-01-12,West,Consumer,Fashion,Backpack,4,1399,0.1,5036.4
ORD10169,2025-01-12,West,Small Business,Fashion,Backpack,3,1399,0.0,4197.0
ORD10714,2025-01-12,North,Corporate,Home & Kitchen,Water Bottle,3,499,0.05,1422.15
ORD12673,2025-01-13,South,Consumer,Fashion,Backpack,1,1399,0.05,1329.05
ORD10710,2025-01-13,East,Consumer,Books,Finance 101,5,799,0.05,3795.25
ORD11589,2025-01-13,East,Consumer,Books,Novel,4,399,0.0,1596.0
ORD12913,2025-01-13,West,Consumer,Electronics,Bluetooth Speaker,5,3499,0.0,17495.0
ORD12355,2025-01-13,North,Consumer,Electronics,Power Bank,5,1299,0.0,6495.0
ORD10373,2025-01-14,North,Corporate,Home & Kitchen,Water Bottle,4,499,0.0,1996.0
ORD11137,2025-01-14,West,Corporate,Fashion,Cotton Kurta,5,899,0.2,3596.0
ORD12078,2025-01-14,West,Consumer,Fashion,Running Shoes,3,2799,0.2,6717.6
ORD11256,2025-01-14,North,Consumer,Electronics,Smartwatch,5,5999,0.2,23996.0
ORD10812,2025-01-14,South,Consumer,Books,Finance 101,4,799,0.1,2876.4
ORD10177,2025-01-16,East,Consumer,Electronics,Wireless Earbuds,3,2499,0.0,7497.0
ORD12725,2025-01-17,South,Consumer,Home & Kitchen,Mixer Grinder,1,3299,0.2,2639.2
ORD12824,2025-01-17,North,Consumer,Electronics,Bluetooth Speaker,2,3499,0.0,6998.0
ORD11944,2025-01-17,North,Corporate,Home & Kitchen,Mixer Grinder,5,3299,0.0,16495.0
ORD12731,2025-01-17,West,Corporate,Home & Kitchen,Water Bottle,3,499,0.2,1197.6
ORD12961,2025-01-17,West,Corporate,Fashion,Denim Jeans,4,1599,0.2,5116.8
ORD10057,2025-01-17,West,Small Business,Electronics,Smartwatch,5,5999,0.1,26995.5
ORD10327,2025-01-17,East,Corporate,Fashion,Cotton Kurta,3,899,0.0,2697.0
ORD11195,2025-01-17,North,Consumer,Electronics,Wireless Earbuds,5,2499,0.0,12495.0
ORD12268,2025-01-18,East,Consumer,Electronics,Power Bank,2,1299,0.0,2598.0
ORD12699,2025-01-18,South,Corporate,Fashion,Cotton Kurta,5,899,0.0,4495.0
ORD10656,2025-01-18,North,Consumer,Home & Kitchen,Mixer Grinder,2,3299,0.1,5938.2
ORD12362,2025-01-18,South,Small Business,Books,Python Handbook,1,699,0.1,629.1
ORD11750,2025-01-18,South,Consumer,Electronics,Wireless Earbuds,3,2499,0.0,7497.0
ORD12688,2025-01-18,West,Small Business,Fashion,Backpack,1,1399,0.1,1259.1
ORD10001,2025-01-19,North,Consumer,Fashion,Backpack,4,1399,0.1,5036.4
ORD10199,2025-01-19,West,Consumer,Electronics,Smartwatch,1,5999,0.1,5399.1
ORD11675,2025-01-21,North,Consumer,Home & Kitchen,Mixer Grinder,3,3299,0.05,9402.15
ORD12634,2025-01-21,West,Consumer,Electronics,Bluetooth Speaker,1,3499,0.0,3499.0
ORD11160,2025-01-21,South,Small Business,Electronics,Power Bank,1,1299,0.1,1169.1
ORD10969,2025-01-21,North,Corporate,Fashion,Backpack,4,1399,0.1,5036.4
ORD10815,2025-01-21,East,Consumer,Home & Kitchen,Pressure Cooker,2,1899,0.0,3798.0
ORD11902,2025-01-21,West,Small Business,Fashion,Cotton Kurta,2,899,0.2,1438.4
ORD12213,2025-01-21,North,Consumer,Electronics,Bluetooth Speaker,1,3499,0.1,3149.1
ORD12518,2025-01-22,North,Small Business,Electronics,Wireless Earbuds,3,2499,0.05,7122.15
ORD11020,2025-01-22,East,Small Business,Fashion,Cotton Kurta,4,899,0.1,3236.4
ORD10935,2025-01-22,West,Consumer,Books,Python Handbook,3,699,0.0,2097.0
ORD11082,2025-01-22,West,Consumer,Electronics,Smartwatch,3,5999,0.0,17997.0
ORD10768,2025-01-22,West,Consumer,Fashion,Running Shoes,5,2799,0.05,13295.25
ORD11400,2025-01-23,East,Consumer,Home & Kitchen,Pressure Cooker,4,1899,0.2,6076.8
ORD12897,2025-01-23,North,Corporate,Home & Kitchen,Pressure Cooker,4,1899,0.1,6836.4
ORD12432,2025-01-23,North,Consumer,Books,Python Handbook,5,699,0.0,3495.0
ORD10343,2025-01-23,West,Consumer,Fashion,Running Shoes,2,2799,0.0,5598.0
ORD11384,2025-01-23,East,Small Business,Fashion,Cotton Kurta,1,899,0.0,899.0
ORD11875,2025-01-23,East,Small Business,Electronics,Bluetooth Speaker,2,3499,0.05,6648.1
ORD12649,2025-01-23,East,Consumer,Electronics,Wireless Earbuds,4,2499,0.05,9496.2
ORD12056,2025-01-23,North,Consumer,Books,SQL Basics,2,549,0.1,988.2
ORD12895,2025-01-23,East,Corporate,Electronics,Power Bank,5,1299,0.2,5196.0
ORD11509,2025-01-23,South,Consumer,Electronics,Bluetooth Speaker,4,3499,0.2,11196.8
ORD10540,2025-01-24,West,Small Business,Electronics,Bluetooth Speaker,3,3499,0.2,8397.6
ORD11861,2025-01-24,West,Consumer,Electronics,Bluetooth Speaker,3,3499,0.0,10497.0
ORD10572,2025-01-24,North,Corporate,Electronics,Bluetooth Speaker,2,3499,0.0,6998.0
ORD11223,2025-01-24,South,Consumer,Home & Kitchen,Pressure Cooker,3,1899,0.2,4557.6
ORD10794,2025-01-24,West,Consumer,Fashion,Running Shoes,5,2799,0.0,13995.0
ORD11262,2025-01-25,South,Consumer,Electronics,Wireless Earbuds,5,2499,0.05,11870.25
ORD11953,2025-01-25,North,Corporate,Electronics,Wireless Earbuds,5,2499,0.1,11245.5
ORD10271,2025-01-25,West,Consumer,Electronics,Wireless Earbuds,4,2499,0.05,9496.2
ORD12553,2025-01-25,East,Consumer,Electronics,Wireless Earbuds,2,2499,0.1,4498.2
ORD10538,2025-01-25,West,Consumer,Fashion,Cotton Kurta,5,899,0.0,4495.0
ORD12098,2025-01-26,North,Consumer,Electronics,Smartwatch,1,5999,0.0,5999.0
ORD12527,2025-01-26,West,Consumer,Electronics,Power Bank,4,1299,0.1,4676.4
ORD12904,2025-01-26,South,Consumer,Electronics,Bluetooth Speaker,5,3499,0.1,15745.5
ORD10987,2025-01-26,East,Consumer,Fashion,Backpack,2,1399,0.05,2658.1
ORD10064,2025-01-26,North,Corporate,Fashion,Denim Jeans,3,1599,0.1,4317.3
ORD12591,2025-01-27,South,Consumer,Electronics,Wireless Earbuds,1,2499,0.05,2374.05
ORD11624,2025-01-27,South,Consumer,Electronics,Bluetooth Speaker,4,3499,0.1,12596.4
ORD10055,2025-01-27,North,Consumer,Electronics,Wireless Earbuds,5,2499,0.0,12495.0
ORD12157,2025-01-27,South,Small Business,Books,Novel,4,399,0.0,1596.0
ORD11435,2025-01-27,North,Small Business,Books,Finance 101,4,799,0.1,2876.4
ORD10817,2025-01-28,North,Consumer,Home & Kitchen,Mixer Grinder,1,3299,0.0,3299.0
ORD12247,2025-01-29,East,Corporate,Electronics,Power Bank,5,1299,0.0,6495.0
ORD12250,2025-01-29,North,Consumer,Fashion,Backpack,5,1399,0.0,6995.0
ORD10804,2025-01-29,West,Consumer,Electronics,Smartwatch,1,5999,0.1,5399.1
ORD11417,2025-01-29,South,Consumer,Fashion,Backpack,5,1399,0.0,6995.0
ORD12533,2025-01-30,East,Consumer,Electronics,Power Bank,3,1299,0.0,3897.0
ORD12660,2025-01-30,East,Consumer,Electronics,Power Bank,4,1299,0.05,4936.2
ORD10276,2025-01-30,West,Consumer,Books,Novel,4,399,0.2,1276.8
ORD12581,2025-01-30,East,Consumer,Books,Novel,1,399,0.2,319.2
ORD11619,2025-01-30,West,Consumer,Books,Python Handbook,2,699,0.05,1328.1
ORD11901,2025-01-30,North,Corporate,Home & Kitchen,Pressure Cooker,2,1899,0.1,3418.2
ORD10395,2025-01-30,East,Consumer,Electronics,Power Bank,3,1299,0.0,3897.0
ORD12995,2025-01-31,East,Small Business,Fashion,Backpack,1,1399,0.0,1399.0
ORD10390,2025-01-31,South,Consumer,Electronics,Wireless Earbuds,4,2499,0.1,8996.4
ORD11664,2025-01-31,East,Corporate,Home & Kitchen,Water Bottle,1,499,0.2,399.2
ORD11441,2025-01-31,North,Consumer,Books,SQL Basics,2,549,0.0,1098.0
ORD11475,2025-01-31,East,Consumer,Electronics,Power Bank,1,1299,0.05,1234.05
ORD11457,2025-01-31,West,Corporate,Home & Kitchen,Non-stick Pan,3,1199,0.05,3417.15
ORD10208,2025-01-31,South,Small Business,Fashion,Denim Jeans,2,1599,0.0,3198.0
ORD12435,2025-02-01,West,Consumer,Fashion,Running Shoes,1,2799,0.0,2799.0
ORD10692,2025-02-01,South,Consumer,Fashion,Backpack,1,1399,0.05,1329.05
ORD10558,2025-02-01,East,Consumer,Electronics,Smartwatch,4,5999,0.0,23996.0
ORD12703,2025-02-01,West,Consumer,Fashion,Backpack,3,1399,0.1,3777.3
ORD10356,2025-02-02,South,Consumer,Home & Kitchen,Mixer Grinder,4,3299,0.1,11876.4
ORD11924,2025-02-02,West,Consumer,Electronics,Wireless Earbuds,4,2499,0.1,8996.4
ORD11105,2025-02-02,East,Corporate,Fashion,Denim Jeans,5,1599,0.0,7995.0
ORD12790,2025-02-03,East,Corporate,Electronics,Wireless Earbuds,2,2499,0.0,4998.0
ORD10769,2025-02-03,South,Consumer,Home & Kitchen,Non-stick Pan,5,1199,0.0,5995.0
ORD10556,2025-02-03,East,Corporate,Fashion,Running Shoes,4,2799,0.1,10076.4
ORD10462,2025-02-04,North,Corporate,Home & Kitchen,Mixer Grinder,3,3299,0.2,7917.6
ORD11950,2025-02-04,West,Consumer,Fashion,Running Shoes,1,2799,0.05,2659.05
ORD12093,2025-02-04,East,Consumer,Fashion,Backpack,4,1399,0.05,5316.2
ORD10752,2025-02-04,South,Small Business,Home & Kitchen,Water Bottle,2,499,0.0,998.0
ORD10790,2025-02-04,North,Consumer,Electronics,Smartwatch,4,5999,0.2,19196.8
ORD12396,2025-02-04,West,Corporate,Electronics,Smartwatch,1,5999,0.1,5399.1
ORD10938,2025-02-04,North,Consumer,Fashion,Denim Jeans,2,1599,0.0,3198.0
ORD10587,2025-02-05,South,Consumer,Fashion,Backpack,5,1399,0.0,6995.0
ORD11257,2025-02-05,East,Corporate,Electronics,Power Bank,1,1299,0.0,1299.0
ORD10666,2025-02-05,West,Consumer,Electronics,Bluetooth Speaker,1,3499,0.0,3499.0
ORD10915,2025-02-06,South,Small Business,Electronics,Bluetooth Speaker,4,3499,0.0,13996.0
ORD11090,2025-02-06,North,Consumer,Fashion,Backpack,4,1399,0.0,5596.0
ORD10221,2025-02-07,South,Consumer,Fashion,Cotton Kurta,5,899,0.0,4495.0
ORD10825,2025-02-07,North,Consumer,Home & Kitchen,Non-stick Pan,1,1199,0.0,1199.0
ORD11658,2025-02-07,North,Small Business,Books,Finance 101,3,799,0.0,2397.0
ORD10196,2025-02-07,South,Consumer,Electronics,Bluetooth Speaker,5,3499,0.0,17495.0
ORD12360,2025-02-07,East,Consumer,Home & Kitchen,Mixer Grinder,2,3299,0.1,5938.2
ORD12569,2025-02-07,North,Corporate,Home & Kitchen,Water Bottle,5,499,0.2,1996.0
ORD11200,2025-02-08,West,Consumer,Fashion,Denim Jeans,3,1599,0.2,3837.6
ORD10120,2025-02-08,East,Consumer,Books,Python Handbook,2,699,0.1,1258.2
ORD11522,2025-02-08,South,Consumer,Home & Kitchen,Water Bottle,2,499,0.0,998.0
ORD11938,2025-02-08,East,Consumer,Home & Kitchen,Mixer Grinder,1,3299,0.1,2969.1
ORD10899,2025-02-08,West,Consumer,Fashion,Backpack,1,1399,0.1,1259.1
ORD10181,2025-02-08,North,Consumer,Fashion,Running Shoes,3,2799,0.05,7977.15
ORD10545,2025-02-09,North,Consumer,Electronics,Power Bank,3,1299,0.0,3897.0
ORD11152,2025-02-09,East,Consumer,Electronics,Smartwatch,4,5999,0.1,21596.4
ORD10760,2025-02-09,East,Consumer,Home & Kitchen,Pressure Cooker,1,1899,0.0,1899.0
ORD10471,2025-02-09,North,Consumer,Fashion,Running Shoes,5,2799,0.0,13995.0
ORD10011,2025-02-10,North,Corporate,Home & Kitchen,Pressure Cooker,1,1899,0.0,1899.0
ORD11272,2025-02-10,South,Corporate,Fashion,Denim Jeans,5,1599,0.1,7195.5
ORD12696,2025-02-10,North,Corporate,Books,SQL Basics,3,549,0.0,1647.0
ORD12491,2025-02-11,South,Small Business,Home & Kitchen,Mixer Grinder,1,3299,0.05,3134.05
ORD10675,2025-02-11,South,Consumer,Electronics,Wireless Earbuds,3,2499,0.2,5997.6
ORD12759,2025-02-11,South,Corporate,Fashion,Denim Jeans,4,1599,0.0,6396.0
ORD11826,2025-02-11,North,Consumer,Books,Novel,3,399,0.0,1197.0
ORD11764,2025-02-11,South,Small Business,Home & Kitchen,Pressure Cooker,2,1899,0.1,3418.2
ORD12126,2025-02-12,East,Consumer,Books,Python Handbook,4,699,0.0,2796.0
ORD10679,2025-02-12,West,Consumer,Books,Finance 101,4,799,0.0,3196.0
ORD11966,2025-02-12,South,Consumer,Electronics,Smartwatch,3,5999,0.0,17997.0
ORD12000,2025-02-13,West,Small Business,Electronics,Bluetooth Speaker,5,3499,0.2,13996.0
ORD12057,2025-02-13,South,Corporate,Home & Kitchen,Non-stick Pan,3,1199,0.0,3597.0
ORD12397,2025-02-13,North,Consumer,Home & Kitchen,Water Bottle,1,499,0.0,499.0
ORD11092,2025-02-13,West,Consumer,Fashion,Running Shoes,2,2799,0.0,5598.0
ORD10660,2025-02-13,East,Consumer,Fashion,Backpack,2,1399,0.0,2798.0
ORD10874,2025-02-14,South,Consumer,Home & Kitchen,Mixer Grinder,4,3299,0.0,13196.0
ORD11060,2025-02-14,South,Consumer,Home & Kitchen,Mixer Grinder,3,3299,0.05,9402.15
ORD10238,2025-02-14,East,Consumer,Home & Kitchen,Mixer Grinder,2,3299,0.0,6598.0
ORD10733,2025-02-15,West,Consumer,Fashion,Denim Jeans,3,1599,0.2,3837.6
ORD10282,2025-02-15,North,Consumer,Electronics,Wireless Earbuds,5,2499,0.0,12495.0
ORD10576,2025-02-15,North,Consumer,Home & Kitchen,Water Bottle,2,499,0.1,898.2
ORD11371,2025-02-16,South,Consumer,Home & Kitchen,Non-stick Pan,3,1199,0.1,3237.3
ORD10239,2025-02-16,East,Consumer,Electronics,Wireless Earbuds,2,2499,0.05,4748.1
ORD11952,2025-02-16,East,Consumer,Books,SQL Basics,2,549,0.05,1043.1
ORD11713,2025-02-16,East,Consumer,Electronics,Wireless Earbuds,1,2499,0.0,2499.0
ORD11810,2025-02-17,South,Consumer,Home & Kitchen,Pressure Cooker,1,1899,0.05,1804.05
ORD12918,2025-02-17,South,Consumer,Books,Finance 101,2,799,0.0,1598.0
ORD12166,2025-02-17,South,Consumer,Electronics,Power Bank,5,1299,0.0,6495.0
ORD10101,2025-02-17,East,Consumer,Electronics,Smartwatch,4,5999,0.0,23996.0
ORD12530,2025-02-17,North,Corporate,Electronics,Wireless Earbuds,4,2499,0.05,9496.2
ORD12538,2025-02-17,West,Corporate,Electronics,Bluetooth Speaker,1,3499,0.2,2799.2
ORD12656,2025-02-18,North,Corporate,Fashion,Cotton Kurta,1,899,0.0,899.0
ORD12837,2025-02-18,North,Consumer,Electronics,Bluetooth Speaker,3,3499,0.1,9447.3
ORD12526,2025-02-18,South,Corporate,Electronics,Power Bank,1,1299,0.0,1299.0
ORD11149,2025-02-18,West,Small Business,Books,Novel,2,399,0.1,718.2
ORD10459,2025-02-19,East,Consumer,Electronics,Power Bank,4,1299,0.2,4156.8
ORD11674,2025-02-20,South,Small Business,Fashion,Running Shoes,2,2799,0.0,5598.0
ORD11831,2025-02-20,East,Consumer,Fashion,Denim Jeans,5,1599,0.05,7595.25
ORD11833,2025-02-21,North,Corporate,Books,Novel,2,399,0.2,638.4
ORD10687,2025-02-21,South,Small Business,Fashion,Backpack,4,1399,0.1,5036.4
ORD11897,2025-02-21,West,Consumer,Electronics,Bluetooth Speaker,4,3499,0.0,13996.0
ORD11609,2025-02-21,North,Consumer,Electronics,Bluetooth Speaker,4,3499,0.2,11196.8
ORD10551,2025-02-21,North,Small Business,Electronics,Power Bank,5,1299,0.0,6495.0
ORD12793,2025-02-21,East,Small Business,Books,Finance 101,5,799,0.2,3196.0
ORD12167,2025-02-21,West,Small Business,Electronics,Bluetooth Speaker,4,3499,0.05,13296.2
ORD10616,2025-02-21,South,Consumer,Electronics,Bluetooth Speaker,1,3499,0.1,3149.1
ORD11739,2025-02-22,North,Consumer,Electronics,Power Bank,2,1299,0.0,2598.0
ORD11189,2025-02-22,South,Consumer,Electronics,Wireless Earbuds,3,2499,0.05,7122.15
ORD11179,2025-02-22,South,Consumer,Fashion,Cotton Kurta,5,899,0.0,4495.0
ORD11360,2025-02-22,West,Consumer,Fashion,Denim Jeans,1,1599,0.1,1439.1
ORD10070,2025-02-22,East,Small Business,Fashion,Backpack,4,1399,0.05,5316.2
ORD10160,2025-02-22,East,Consumer,Books,Novel,3,399,0.05,1137.15
ORD10457,2025-02-23,South,Corporate,Home & Kitchen,Pressure Cooker,5,1899,0.0,9495.0
ORD11604,2025-02-23,North,Consumer,Books,SQL Basics,5,549,0.05,2607.75
ORD12443,2025-02-23,South,Consumer,Electronics,Wireless Earbuds,3,2499,0.0,7497.0
ORD10524,2025-02-24,East,Consumer,Home & Kitchen,Pressure Cooker,2,1899,0.0,3798.0
ORD11281,2025-02-24,South,Corporate,Electronics,Wireless Earbuds,4,2499,0.0,9996.0
ORD12689,2025-02-24,West,Consumer,Electronics,Wireless Earbuds,2,2499,0.05,4748.1
ORD12345,2025-02-24,East,Corporate,Fashion,Running Shoes,5,2799,0.1,12595.5
ORD11447,2025-02-24,East,Consumer,Fashion,Running Shoes,1,2799,0.0,2799.0
ORD11267,2025-02-24,North,Corporate,Fashion,Backpack,5,1399,0.2,5596.0
ORD11591,2025-02-25,North,Consumer,Electronics,Smartwatch,1,5999,0.0,5999.0
ORD11025,2025-02-25,North,Consumer,Home & Kitchen,Pressure Cooker,4,1899,0.0,7596.0
ORD12176,2025-02-25,South,Consumer,Electronics,Wireless Earbuds,2,2499,0.0,4998.0
ORD12460,2025-02-25,North,Consumer,Home & Kitchen,Pressure Cooker,5,1899,0.0,9495.0
ORD12369,2025-02-26,East,Corporate,Books,SQL Basics,1,549,0.05,521.55
ORD11838,2025-02-26,East,Consumer,Electronics,Power Bank,5,1299,0.0,6495.0
ORD10730,2025-02-26,East,Corporate,Fashion,Backpack,5,1399,0.1,6295.5
ORD12090,2025-02-26,East,Consumer,Electronics,Power Bank,1,1299,0.0,1299.0
ORD11911,2025-02-26,West,Consumer,Home & Kitchen,Non-stick Pan,1,1199,0.2,959.2
ORD10918,2025-02-27,North,Consumer,Electronics,Smartwatch,5,5999,0.1,26995.5
ORD10316,2025-02-27,North,Consumer,Fashion,Running Shoes,5,2799,0.0,13995.0
ORD12695,2025-02-27,West,Consumer,Home & Kitchen,Mixer Grinder,4,3299,0.0,13196.0
ORD10173,2025-02-28,South,Consumer,Books,Finance 101,3,799,0.0,2397.0
ORD10042,2025-02-28,North,Small Business,Fashion,Cotton Kurta,4,899,0.1,3236.4
ORD12614,2025-02-28,North,Consumer,Home & Kitchen,Non-stick Pan,2,1199,0.05,2278.1
ORD12106,2025-02-28,East,Corporate,Home & Kitchen,Non-stick Pan,3,1199,0.05,3417.15
ORD11344,2025-03-01,South,Consumer,Electronics,Power Bank,4,1299,0.2,4156.8
ORD10527,2025-03-01,South,Small Business,Electronics,Power Bank,4,1299,0.0,5196.0
ORD10301,2025-03-01,West,Consumer,Fashion,Denim Jeans,2,1599,0.0,3198.0
ORD11870,2025-03-01,East,Consumer,Electronics,Power Bank,5,1299,0.05,6170.25
ORD12916,2025-03-02,North,Consumer,Home & Kitchen,Pressure Cooker,4,1899,0.1,6836.4
ORD12201,2025-03-02,East,Corporate,Fashion,Cotton Kurta,2,899,0.05,1708.1
ORD11526,2025-03-02,South,Consumer,Electronics,Wireless Earbuds,2,2499,0.0,4998.0
ORD12761,2025-03-02,South,Corporate,Electronics,Wireless Earbuds,5,2499,0.0,12495.0
ORD11439,2025-03-02,South,Consumer,Fashion,Cotton Kurta,1,899,0.2,719.2
ORD12113,2025-03-02,South,Consumer,Fashion,Cotton Kurta,5,899,0.1,4045.5
ORD12129,2025-03-03,East,Consumer,Electronics,Smartwatch,1,5999,0.05,5699.05
ORD11357,2025-03-03,South,Consumer,Fashion,Cotton Kurta,3,899,0.2,2157.6
ORD11120,2025-03-03,West,Consumer,Fashion,Backpack,3,1399,0.0,4197.0
ORD12265,2025-03-03,North,Consumer,Home & Kitchen,Pressure Cooker,5,1899,0.05,9020.25
ORD12103,2025-03-03,West,Consumer,Electronics,Power Bank,4,1299,0.0,5196.0
ORD11442,2025-03-04,East,Consumer,Books,Python Handbook,3,699,0.0,2097.0
ORD10856,2025-03-04,West,Consumer,Books,Python Handbook,2,699,0.1,1258.2
ORD11279,2025-03-04,North,Small Business,Home & Kitchen,Water Bottle,5,499,0.2,1996.0
ORD11362,2025-03-04,North,Consumer,Home & Kitchen,Pressure Cooker,3,1899,0.0,5697.0
ORD10575,2025-03-05,West,Corporate,Home & Kitchen,Water Bottle,2,499,0.2,798.4
ORD10559,2025-03-05,South,Consumer,Fashion,Cotton Kurta,4,899,0.0,3596.0
ORD11033,2025-03-05,South,Consumer,Fashion,Backpack,2,1399,0.0,2798.0
ORD11576,2025-03-05,North,Corporate,Fashion,Cotton Kurta,2,899,0.0,1798.0
ORD10251,2025-03-06,West,Consumer,Home & Kitchen,Non-stick Pan,4,1199,0.0,4796.0
ORD10359,2025-03-06,North,Consumer,Electronics,Wireless Earbuds,1,2499,0.0,2499.0
ORD10810,2025-03-06,West,Consumer,Home & Kitchen,Water Bottle,5,499,0.05,2370.25
ORD11585,2025-03-06,North,Consumer,Fashion,Denim Jeans,5,1599,0.0,7995.0
ORD11316,2025-03-06,West,Consumer,Electronics,Smartwatch,1,5999,0.2,4799.2
ORD12990,2025-03-07,East,Corporate,Fashion,Denim Jeans,4,1599,0.0,6396.0
ORD10069,2025-03-07,South,Consumer,Electronics,Wireless Earbuds,3,2499,0.0,7497.0
ORD10137,2025-03-07,West,Consumer,Electronics,Smartwatch,2,5999,0.0,11998.0
ORD12291,2025-03-07,South,Consumer,Electronics,Smartwatch,2,5999,0.0,11998.0
ORD10389,2025-03-07,East,Small Business,Books,Finance 101,1,799,0.0,799.0
ORD12975,2025-03-08,North,Consumer,Fashion,Denim Jeans,4,1599,0.0,6396.0
ORD12823,2025-03-08,West,Consumer,Electronics,Power Bank,1,1299,0.2,1039.2
ORD11580,2025-03-08,West,Consumer,Home & Kitchen,Non-stick Pan,2,1199,0.0,2398.0
ORD10806,2025-03-08,South,Consumer,Books,SQL Basics,2,549,0.05,1043.1
ORD10437,2025-03-08,East,Consumer,Fashion,Cotton Kurta,1,899,0.0,899.0
ORD12003,2025-03-08,North,Consumer,Fashion,Denim Jeans,2,1599,0.05,3038.1
ORD10090,2025-03-08,South,Consumer,Fashion,Running Shoes,2,2799,0.05,5318.1
ORD11608,2025-03-08,South,Consumer,Books,Finance 101,4,799,0.0,3196.0
ORD11064,2025-03-09,North,Small Business,Fashion,Cotton Kurta,2,899,0.0,1798.0
ORD10068,2025-03-09,North,Corporate,Books,Python Handbook,2,699,0.1,1258.2
ORD12989,2025-03-09,North,Consumer,Electronics,Smartwatch,1,5999,0.0,5999.0
ORD12919,2025-03-09,South,Corporate,Electronics,Smartwatch,1,5999,0.0,5999.0
ORD11097,2025-03-10,West,Consumer,Fashion,Running Shoes,4,2799,0.1,10076.4
ORD12746,2025-03-10,West,Small Business,Fashion,Cotton Kurta,2,899,0.0,1798.0
ORD11029,2025-03-10,South,Consumer,Electronics,Power Bank,2,1299,0.0,2598.0
ORD11937,2025-03-10,West,Consumer,Fashion,Denim Jeans,2,1599,0.05,3038.1
ORD12087,2025-03-10,North,Consumer,Electronics,Wireless Earbuds,1,2499,0.2,1999.2
ORD11382,2025-03-10,North,Corporate,Home & Kitchen,Mixer Grinder,2,3299,0.05,6268.1
ORD12774,2025-03-11,West,Consumer,Fashion,Backpack,1,1399,0.0,1399.0
ORD10470,2025-03-11,East,Corporate,Electronics,Power Bank,1,1299,0.0,1299.0
ORD10617,2025-03-11,West,Corporate,Books,Python Handbook,1,699,0.0,699.0
ORD11368,2025-03-11,North,Consumer,Fashion,Running Shoes,4,2799,0.0,11196.0
ORD11096,2025-03-12,East,Consumer,Fashion,Denim Jeans,4,1599,0.1,5756.4
ORD11817,2025-03-12,West,Small Business,Electronics,Smartwatch,2,5999,0.0,11998.0
ORD10052,2025-03-13,North,Consumer,Electronics,Wireless Earbuds,3,2499,0.0,7497.0
ORD11114,2025-03-13,East,Small Business,Fashion,Backpack,4,1399,0.1,5036.4
ORD11266,2025-03-13,South,Small Business,Electronics,Bluetooth Speaker,5,3499,0.0,17495.0
ORD12767,2025-03-13,East,Consumer,Fashion,Denim Jeans,4,1599,0.0,6396.0
ORD12445,2025-03-14,North,Small Business,Electronics,Smartwatch,1,5999,0.2,4799.2
ORD11790,2025-03-14,South,Consumer,Home & Kitchen,Pressure Cooker,5,1899,0.0,9495.0
ORD12861,2025-03-14,North,Consumer,Home & Kitchen,Water Bottle,3,499,0.05,1422.15
ORD10418,2025-03-14,South,Consumer,Books,Novel,1,399,0.05,379.05
ORD11310,2025-03-14,North,Corporate,Home & Kitchen,Pressure Cooker,2,1899,0.1,3418.2
ORD11347,2025-03-15,West,Small Business,Home & Kitchen,Mixer Grinder,3,3299,0.0,9897.0
ORD12894,2025-03-15,East,Consumer,Fashion,Denim Jeans,1,1599,0.05,1519.05
ORD11006,2025-03-15,South,Consumer,Home & Kitchen,Water Bottle,4,499,0.05,1896.2
ORD11906,2025-03-16,West,Consumer,Electronics,Wireless Earbuds,3,2499,0.2,5997.6
ORD10960,2025-03-16,South,Small Business,Fashion,Backpack,1,1399,0.0,1399.0
ORD10328,2025-03-16,East,Consumer,Fashion,Cotton Kurta,1,899,0.2,719.2
ORD11702,2025-03-16,South,Consumer,Books,Novel,3,399,0.0,1197.0
ORD11855,2025-03-17,South,Consumer,Home & Kitchen,Mixer Grinder,4,3299,0.0,13196.0
ORD11143,2025-03-17,South,Consumer,Electronics,Bluetooth Speaker,3,3499,0.0,10497.0
ORD11320,2025-03-18,East,Corporate,Fashion,Backpack,2,1399,0.0,2798.0
ORD11842,2025-03-18,West,Consumer,Home & Kitchen,Mixer Grinder,4,3299,0.05,12536.2
ORD10725,2025-03-18,East,Consumer,Home & Kitchen,Water Bottle,4,499,0.0,1996.0
ORD11508,2025-03-18,East,Consumer,Fashion,Running Shoes,3,2799,0.0,8397.0
ORD12379,2025-03-18,South,Consumer,Home & Kitchen,Pressure Cooker,2,1899,0.0,3798.0
ORD12753,2025-03-19,South,Consumer,Home & Kitchen,Pressure Cooker,1,1899,0.0,1899.0
ORD11915,2025-03-19,North,Consumer,Home & Kitchen,Non-stick Pan,5,1199,0.0,5995.0
ORD12279,2025-03-19,North,Consumer,Electronics,Bluetooth Speaker,5,3499,0.0,17495.0
ORD10695,2025-03-20,South,Small Business,Home & Kitchen,Mixer Grinder,5,3299,0.0,16495.0
ORD11775,2025-03-20,South,Corporate,Home & Kitchen,Non-stick Pan,5,1199,0.1,5395.5
ORD10192,2025-03-20,West,Corporate,Home & Kitchen,Water Bottle,1,499,0.2,399.2
ORD12600,2025-03-21,East,Consumer,Home & Kitchen,Water Bottle,5,499,0.1,2245.5
ORD12162,2025-03-21,South,Corporate,Electronics,Smartwatch,5,5999,0.0,29995.0
ORD11795,2025-03-21,North,Corporate,Electronics,Wireless Earbuds,5,2499,0.0,12495.0
ORD10554,2025-03-21,East,Consumer,Books,Python Handbook,5,699,0.2,2796.0
ORD10550,2025-03-21,North,Consumer,Home & Kitchen,Mixer Grinder,4,3299,0.0,13196.0
ORD12336,2025-03-21,North,Consumer,Home & Kitchen,Water Bottle,2,499,0.2,798.4
ORD11626,2025-03-21,South,Consumer,Electronics,Bluetooth Speaker,4,3499,0.1,12596.4
ORD12798,2025-03-21,West,Consumer,Electronics,Bluetooth Speaker,4,3499,0.0,13996.0
ORD10632,2025-03-22,North,Corporate,Electronics,Wireless Earbuds,1,2499,0.0,2499.0
ORD10450,2025-03-22,North,Corporate,Electronics,Wireless Earbuds,4,2499,0.05,9496.2
ORD10605,2025-03-22,West,Corporate,Electronics,Wireless Earbuds,1,2499,0.0,2499.0
ORD12543,2025-03-22,South,Corporate,Home & Kitchen,Water Bottle,2,499,0.05,948.1
ORD11869,2025-03-22,East,Corporate,Books,Python Handbook,3,699,0.0,2097.0
ORD11015,2025-03-23,East,Consumer,Fashion,Denim Jeans,3,1599,0.0,4797.0
ORD11005,2025-03-23,West,Consumer,Electronics,Wireless Earbuds,5,2499,0.0,12495.0
ORD11837,2025-03-23,South,Consumer,Home & Kitchen,Non-stick Pan,3,1199,0.0,3597.0
ORD12770,2025-03-23,North,Consumer,Fashion,Running Shoes,3,2799,0.0,8397.0
ORD10542,2025-03-24,West,Consumer,Electronics,Wireless Earbuds,1,2499,0.0,2499.0
ORD12690,2025-03-24,North,Consumer,Home & Kitchen,Pressure Cooker,5,1899,0.0,9495.0
ORD12934,2025-03-24,West,Consumer,Electronics,Power Bank,4,1299,0.0,5196.0
ORD12361,2025-03-24,North,Consumer,Electronics,Smartwatch,2,5999,0.2,9598.4
ORD10311,2025-03-25,North,Small Business,Electronics,Smartwatch,2,5999,0.0,11998.0
ORD10983,2025-03-25,South,Corporate,Fashion,Denim Jeans,1,1599,0.2,1279.2
ORD12043,2025-03-25,East,Consumer,Fashion,Cotton Kurta,2,899,0.0,1798.0
ORD12244,2025-03-25,North,Consumer,Home & Kitchen,Pressure Cooker,3,1899,0.0,5697.0
ORD11452,2025-03-26,North,Corporate,Books,SQL Basics,2,549,0.0,1098.0
ORD12701,2025-03-26,South,Consumer,Fashion,Running Shoes,5,2799,0.0,13995.0
ORD12441,2025-03-26,West,Small Business,Fashion,Denim Jeans,1,1599,0.1,1439.1
ORD10886,2025-03-27,West,Consumer,Home & Kitchen,Non-stick Pan,3,1199,0.2,2877.6
ORD11708,2025-03-27,North,Corporate,Fashion,Backpack,3,1399,0.0,4197.0
ORD11106,2025-03-27,South,Consumer,Electronics,Bluetooth Speaker,4,3499,0.0,13996.0
ORD10163,2025-03-28,East,Corporate,Home & Kitchen,Water Bottle,3,499,0.0,1497.0
ORD12149,2025-03-28,West,Consumer,Home & Kitchen,Mixer Grinder,4,3299,0.2,10556.8
ORD12178,2025-03-28,South,Consumer,Electronics,Bluetooth Speaker,5,3499,0.0,17495.0
ORD11756,2025-03-28,South,Consumer,Fashion,Running Shoes,4,2799,0.2,8956.8
ORD10330,2025-03-29,South,Consumer,Electronics,Smartwatch,5,5999,0.0,29995.0
ORD10672,2025-03-29,East,Consumer,Fashion,Running Shoes,5,2799,0.0,13995.0
ORD12582,2025-03-29,South,Consumer,Electronics,Power Bank,4,1299,0.0,5196.0
ORD11917,2025-03-30,West,Corporate,Home & Kitchen,Mixer Grinder,3,3299,0.2,7917.6
ORD12675,2025-03-30,East,Consumer,Home & Kitchen,Mixer Grinder,2,3299,0.0,6598.0
ORD12908,2025-03-30,West,Consumer,Electronics,Wireless Earbuds,3,2499,0.0,7497.0
ORD11249,2025-03-30,North,Consumer,Fashion,Backpack,2,1399,0.0,2798.0
ORD11976,2025-03-30,East,Consumer,Electronics,Wireless Earbuds,3,2499,0.0,7497.0
ORD11977,2025-03-31,West,Corporate,Home & Kitchen,Water Bottle,4,499,0.0,1996.0
ORD11467,2025-04-01,South,Consumer,Electronics,Bluetooth Speaker,2,3499,0.05,6648.1
ORD11294,2025-04-01,East,Corporate,Books,Python Handbook,5,699,0.0,3495.0
ORD11252,2025-04-02,East,Small Business,Electronics,Smartwatch,2,5999,0.05,11398.1
ORD12571,2025-04-02,West,Consumer,Home & Kitchen,Non-stick Pan,2,1199,0.0,2398.0
ORD10209,2025-04-02,South,Small Business,Home & Kitchen,Pressure Cooker,4,1899,0.05,7216.2
ORD11322,2025-04-02,South,Consumer,Home & Kitchen,Pressure Cooker,3,1899,0.0,5697.0
ORD11578,2025-04-02,South,Consumer,Books,Python Handbook,3,699,0.0,2097.0
ORD11812,2025-04-02,North,Consumer,Fashion,Cotton Kurta,5,899,0.1,4045.5
ORD10868,2025-04-03,North,Consumer,Fashion,Running Shoes,5,2799,0.05,13295.25
ORD12236,2025-04-03,North,Consumer,Fashion,Running Shoes,4,2799,0.05,10636.2
ORD10374,2025-04-03,West,Consumer,Electronics,Bluetooth Speaker,3,3499,0.0,10497.0
ORD11168,2025-04-03,North,Consumer,Electronics,Power Bank,2,1299,0.1,2338.2
ORD10813,2025-04-03,West,Corporate,Home & Kitchen,Pressure Cooker,1,1899,0.0,1899.0
ORD11093,2025-04-04,North,Corporate,Electronics,Wireless Earbuds,5,2499,0.2,9996.0
ORD11375,2025-04-04,North,Small Business,Electronics,Power Bank,1,1299,0.2,1039.2
ORD12401,2025-04-04,South,Consumer,Fashion,Cotton Kurta,3,899,0.0,2697.0
ORD10024,2025-04-04,South,Consumer,Home & Kitchen,Mixer Grinder,4,3299,0.0,13196.0
ORD11321,2025-04-05,South,Consumer,Fashion,Running Shoes,5,2799,0.05,13295.25
ORD11109,2025-04-05,North,Consumer,Home & Kitchen,Non-stick Pan,2,1199,0.05,2278.1
ORD12529,2025-04-05,West,Consumer,Fashion,Cotton Kurta,3,899,0.0,2697.0
ORD12807,2025-04-06,South,Corporate,Fashion,Denim Jeans,5,1599,0.0,7995.0
ORD12632,2025-04-06,South,Consumer,Electronics,Wireless Earbuds,2,2499,0.05,4748.1
ORD10065,2025-04-07,North,Corporate,Electronics,Power Bank,4,1299,0.05,4936.2
ORD10325,2025-04-07,East,Corporate,Electronics,Smartwatch,1,5999,0.0,5999.0
ORD12511,2025-04-07,South,Consumer,Fashion,Running Shoes,2,2799,0.0,5598.0
ORD11340,2025-04-07,South,Consumer,Electronics,Smartwatch,1,5999,0.0,5999.0
ORD11701,2025-04-08,East,Consumer,Electronics,Power Bank,3,1299,0.0,3897.0
ORD11951,2025-04-08,South,Consumer,Electronics,Smartwatch,2,5999,0.0,11998.0
ORD12092,2025-04-08,South,Corporate,Books,Python Handbook,5,699,0.2,2796.0
ORD12756,2025-04-08,South,Consumer,Fashion,Denim Jeans,5,1599,0.1,7195.5
ORD11260,2025-04-09,North,Consumer,Electronics,Bluetooth Speaker,3,3499,0.05,9972.15
ORD10753,2025-04-09,South,Consumer,Home & Kitchen,Water Bottle,3,499,0.05,1422.15
ORD12133,2025-04-09,North,Corporate,Electronics,Power Bank,5,1299,0.1,5845.5
ORD12044,2025-04-09,South,Consumer,Electronics,Power Bank,4,1299,0.2,4156.8
ORD11486,2025-04-09,South,Small Business,Books,Finance 101,1,799,0.0,799.0
ORD12969,2025-04-10,East,Corporate,Home & Kitchen,Mixer Grinder,5,3299,0.2,13196.0
ORD12809,2025-04-10,South,Consumer,Electronics,Power Bank,4,1299,0.0,5196.0
ORD12187,2025-04-10,North,Small Business,Home & Kitchen,Non-stick Pan,2,1199,0.1,2158.2
ORD10291,2025-04-11,North,Corporate,Home & Kitchen,Pressure Cooker,5,1899,0.0,9495.0
ORD10931,2025-04-11,East,Consumer,Books,Python Handbook,2,699,0.1,1258.2
ORD11045,2025-04-11,South,Consumer,Electronics,Wireless Earbuds,5,2499,0.0,12495.0
ORD10646,2025-04-11,East,Consumer,Electronics,Wireless Earbuds,3,2499,0.0,7497.0
ORD12514,2025-04-12,South,Corporate,Home & Kitchen,Water Bottle,5,499,0.05,2370.25
ORD10820,2025-04-12,West,Consumer,Books,SQL Basics,2,549,0.1,988.2
ORD12664,2025-04-13,South,Consumer,Books,Novel,5,399,0.0,1995.0
ORD10599,2025-04-14,West,Corporate,Books,SQL Basics,1,549,0.1,494.1
ORD11516,2025-04-14,East,Consumer,Electronics,Power Bank,3,1299,0.05,3702.15
ORD12786,2025-04-14,South,Corporate,Home & Kitchen,Pressure Cooker,4,1899,0.1,6836.4
ORD11118,2025-04-14,South,Consumer,Fashion,Cotton Kurta,1,899,0.2,719.2
ORD10762,2025-04-14,North,Consumer,Electronics,Smartwatch,1,5999,0.2,4799.2
ORD12223,2025-04-14,South,Consumer,Books,Novel,5,399,0.0,1995.0
ORD10903,2025-04-15,North,Small Business,Home & Kitchen,Non-stick Pan,4,1199,0.0,4796.0
ORD10501,2025-04-15,South,Consumer,Fashion,Backpack,1,1399,0.0,1399.0
ORD12858,2025-04-15,East,Consumer,Electronics,Wireless Earbuds,2,2499,0.0,4998.0
ORD11918,2025-04-15,North,Small Business,Fashion,Backpack,5,1399,0.0,6995.0
ORD12382,2025-04-16,South,Corporate,Electronics,Wireless Earbuds,1,2499,0.1,2249.1
ORD12841,2025-04-16,East,Corporate,Fashion,Backpack,2,1399,0.05,2658.1
ORD12958,2025-04-16,West,Consumer,Fashion,Running Shoes,4,2799,0.0,11196.0
ORD12877,2025-04-16,South,Consumer,Home & Kitchen,Non-stick Pan,1,1199,0.1,1079.1
ORD10689,2025-04-16,North,Small Business,Home & Kitchen,Pressure Cooker,5,1899,0.05,9020.25
ORD11073,2025-04-17,East,Consumer,Fashion,Denim Jeans,1,1599,0.0,1599.0
ORD12063,2025-04-17,East,Consumer,Electronics,Smartwatch,1,5999,0.0,5999.0
ORD11586,2025-04-17,North,Consumer,Fashion,Running Shoes,5,2799,0.0,13995.0
ORD12734,2025-04-17,South,Consumer,Fashion,Running Shoes,3,2799,0.05,7977.15
ORD11852,2025-04-17,South,Consumer,Electronics,Power Bank,5,1299,0.0,6495.0
ORD10970,2025-04-17,East,Consumer,Home & Kitchen,Mixer Grinder,5,3299,0.1,14845.5
ORD10097,2025-04-18,East,Consumer,Fashion,Running Shoes,3,2799,0.0,8397.0
ORD11590,2025-04-18,West,Consumer,Electronics,Power Bank,3,1299,0.1,3507.3
ORD10801,2025-04-18,South,Consumer,Electronics,Bluetooth Speaker,3,3499,0.0,10497.0
ORD11539,2025-04-18,West,Consumer,Electronics,Power Bank,5,1299,0.05,6170.25
ORD10628,2025-04-18,West,Small Business,Electronics,Power Bank,1,1299,0.05,1234.05
ORD10880,2025-04-18,West,Small Business,Fashion,Running Shoes,3,2799,0.2,6717.6
ORD11550,2025-04-18,South,Corporate,Books,Python Handbook,2,699,0.0,1398.0
ORD10802,2025-04-19,East,Consumer,Home & Kitchen,Mixer Grinder,2,3299,0.0,6598.0
ORD10600,2025-04-19,North,Consumer,Home & Kitchen,Pressure Cooker,4,1899,0.0,7596.0
ORD11305,2025-04-19,North,Corporate,Fashion,Denim Jeans,3,1599,0.0,4797.0
ORD12434,2025-04-19,West,Corporate,Electronics,Wireless Earbuds,1,2499,0.0,2499.0
ORD10747,2025-04-19,South,Consumer,Electronics,Wireless Earbuds,1,2499,0.0,2499.0
ORD11699,2025-04-19,North,Consumer,Home & Kitchen,Pressure Cooker,1,1899,0.05,1804.05
ORD12153,2025-04-20,North,Consumer,Fashion,Backpack,3,1399,0.0,4197.0
ORD11209,2025-04-20,East,Consumer,Books,Novel,4,399,0.1,1436.4
ORD12304,2025-04-21,West,Consumer,Electronics,Power Bank,2,1299,0.1,2338.2
ORD10906,2025-04-21,West,Small Business,Fashion,Backpack,2,1399,0.1,2518.2
ORD11213,2025-04-21,South,Consumer,Electronics,Wireless Earbuds,4,2499,0.05,9496.2
ORD11912,2025-04-21,West,Consumer,Electronics,Smartwatch,4,5999,0.0,23996.0
ORD11830,2025-04-21,North,Consumer,Home & Kitchen,Mixer Grinder,2,3299,0.2,5278.4
ORD10509,2025-04-22,West,Small Business,Books,SQL Basics,1,549,0.0,549.0
ORD10756,2025-04-22,North,Consumer,Home & Kitchen,Pressure Cooker,4,1899,0.05,7216.2
ORD10782,2025-04-22,North,Consumer,Home & Kitchen,Mixer Grinder,5,3299,0.05,15670.25
ORD12522,2025-04-22,West,Small Business,Fashion,Cotton Kurta,3,899,0.05,2562.15
ORD11147,2025-04-22,North,Consumer,Fashion,Backpack,3,1399,0.2,3357.6
ORD10435,2025-04-23,South,Consumer,Electronics,Bluetooth Speaker,2,3499,0.0,6998.0
ORD10012,2025-04-23,East,Consumer,Home & Kitchen,Pressure Cooker,1,1899,0.1,1709.1
ORD11884,2025-04-23,East,Consumer,Electronics,Wireless Earbuds,3,2499,0.05,7122.15
ORD12429,2025-04-23,South,Consumer,Electronics,Bluetooth Speaker,4,3499,0.2,11196.8
ORD12300,2025-04-24,West,Corporate,Electronics,Power Bank,2,1299,0.0,2598.0
ORD12494,2025-04-24,North,Consumer,Books,Novel,2,399,0.2,638.4
ORD10422,2025-04-24,North,Consumer,Fashion,Backpack,4,1399,0.05,5316.2
ORD12550,2025-04-24,North,Consumer,Home & Kitchen,Water Bottle,2,499,0.0,998.0
ORD10612,2025-04-24,North,Consumer,Electronics,Bluetooth Speaker,4,3499,0.1,12596.4
ORD10973,2025-04-24,North,Consumer,Fashion,Denim Jeans,2,1599,0.2,2558.4
ORD11948,2025-04-24,East,Consumer,Books,Python Handbook,2,699,0.0,1398.0
ORD12892,2025-04-24,South,Consumer,Electronics,Power Bank,1,1299,0.1,1169.1
ORD12380,2025-04-24,North,Consumer,Fashion,Cotton Kurta,3,899,0.05,2562.15
ORD10235,2025-04-24,East,Consumer,Home & Kitchen,Water Bottle,3,499,0.0,1497.0
ORD10215,2025-04-25,North,Consumer,Fashion,Backpack,3,1399,0.0,4197.0
ORD10125,2025-04-25,West,Consumer,Fashion,Backpack,4,1399,0.1,5036.4
ORD10606,2025-04-26,South,Small Business,Electronics,Bluetooth Speaker,2,3499,0.0,6998.0
ORD10623,2025-04-26,East,Consumer,Fashion,Denim Jeans,3,1599,0.2,3837.6
ORD10807,2025-04-26,East,Small Business,Books,Finance 101,1,799,0.2,639.2
ORD11459,2025-04-26,North,Consumer,Fashion,Denim Jeans,3,1599,0.0,4797.0
ORD10920,2025-04-27,West,Consumer,Electronics,Power Bank,1,1299,0.1,1169.1
ORD10025,2025-04-27,North,Small Business,Electronics,Wireless Earbuds,1,2499,0.05,2374.05
ORD11191,2025-04-27,East,Consumer,Fashion,Denim Jeans,1,1599,0.2,1279.2
ORD10734,2025-04-27,North,Corporate,Electronics,Power Bank,4,1299,0.2,4156.8
ORD12505,2025-04-28,East,Small Business,Books,SQL Basics,3,549,0.0,1647.0
ORD10742,2025-04-28,East,Consumer,Fashion,Backpack,2,1399,0.0,2798.0
ORD12708,2025-04-28,East,Consumer,Home & Kitchen,Non-stick Pan,5,1199,0.2,4796.0
ORD11759,2025-04-29,West,Corporate,Electronics,Wireless Earbuds,2,2499,0.0,4998.0
ORD11789,2025-04-29,South,Consumer,Electronics,Wireless Earbuds,2,2499,0.1,4498.2
ORD10385,2025-04-29,West,Consumer,Electronics,Power Bank,4,1299,0.1,4676.4
ORD10220,2025-04-29,South,Corporate,Electronics,Wireless Earbuds,3,2499,0.05,7122.15
ORD11963,2025-04-29,West,Consumer,Electronics,Power Bank,3,1299,0.1,3507.3
ORD11071,2025-04-30,East,Consumer,Electronics,Smartwatch,1,5999,0.05,5699.05
ORD10645,2025-04-30,East,Consumer,Electronics,Wireless Earbuds,1,2499,0.2,1999.2
ORD12416,2025-04-30,North,Corporate,Electronics,Bluetooth Speaker,5,3499,0.1,15745.5
ORD11954,2025-04-30,South,Consumer,Home & Kitchen,Non-stick Pan,1,1199,0.1,1079.1
ORD12467,2025-04-30,West,Corporate,Electronics,Power Bank,3,1299,0.0,3897.0
ORD10047,2025-04-30,North,Consumer,Fashion,Cotton Kurta,2,899,0.1,1618.2
ORD12613,2025-04-30,South,Small Business,Books,Finance 101,1,799,0.2,639.2
ORD10780,2025-04-30,West,Consumer,Home & Kitchen,Mixer Grinder,1,3299,0.0,3299.0
ORD12694,2025-05-01,West,Consumer,Electronics,Smartwatch,1,5999,0.0,5999.0
ORD10749,2025-05-01,South,Consumer,Fashion,Backpack,3,1399,0.2,3357.6
ORD12464,2025-05-01,North,Consumer,Electronics,Power Bank,4,1299,0.1,4676.4
ORD12884,2025-05-01,South,Consumer,Home & Kitchen,Non-stick Pan,1,1199,0.0,1199.0
ORD11176,2025-05-01,South,Consumer,Fashion,Denim Jeans,2,1599,0.05,3038.1
ORD12595,2025-05-01,West,Consumer,Home & Kitchen,Pressure Cooker,5,1899,0.2,7596.0
ORD11177,2025-05-02,North,Corporate,Home & Kitchen,Water Bottle,5,499,0.2,1996.0
ORD12184,2025-05-02,South,Consumer,Electronics,Wireless Earbuds,4,2499,0.0,9996.0
ORD12036,2025-05-02,South,Consumer,Fashion,Running Shoes,3,2799,0.0,8397.0
ORD12374,2025-05-02,East,Consumer,Electronics,Bluetooth Speaker,5,3499,0.05,16620.25
ORD11270,2025-05-02,North,Corporate,Fashion,Backpack,3,1399,0.0,4197.0
ORD10878,2025-05-02,East,Small Business,Electronics,Wireless Earbuds,3,2499,0.0,7497.0
ORD11498,2025-05-03,East,Corporate,Fashion,Running Shoes,2,2799,0.05,5318.1
ORD12984,2025-05-03,West,Consumer,Home & Kitchen,Pressure Cooker,5,1899,0.2,7596.0
ORD10924,2025-05-03,South,Consumer,Home & Kitchen,Non-stick Pan,4,1199,0.0,4796.0
ORD11850,2025-05-03,East,Consumer,Home & Kitchen,Water Bottle,3,499,0.1,1347.3
ORD11427,2025-05-04,West,Corporate,Electronics,Power Bank,2,1299,0.0,2598.0
ORD12296,2025-05-04,North,Consumer,Home & Kitchen,Pressure Cooker,4,1899,0.0,7596.0
ORD11478,2025-05-05,West,Corporate,Fashion,Denim Jeans,4,1599,0.05,6076.2
ORD12288,2025-05-05,South,Corporate,Electronics,Bluetooth Speaker,1,3499,0.0,3499.0
ORD12183,2025-05-06,East,Small Business,Fashion,Denim Jeans,1,1599,0.2,1279.2
ORD10795,2025-05-06,North,Consumer,Home & Kitchen,Non-stick Pan,3,1199,0.0,3597.0
ORD10031,2025-05-06,West,Consumer,Fashion,Backpack,4,1399,0.0,5596.0
ORD11086,2025-05-07,West,Consumer,Electronics,Wireless Earbuds,1,2499,0.0,2499.0
ORD12323,2025-05-07,South,Small Business,Electronics,Bluetooth Speaker,5,3499,0.05,16620.25
ORD10891,2025-05-08,South,Consumer,Electronics,Bluetooth Speaker,4,3499,0.05,13296.2
ORD12403,2025-05-08,West,Corporate,Electronics,Bluetooth Speaker,3,3499,0.0,10497.0
ORD12870,2025-05-08,West,Consumer,Books,Novel,4,399,0.1,1436.4
ORD10409,2025-05-08,South,Small Business,Electronics,Smartwatch,4,5999,0.0,23996.0
ORD10896,2025-05-08,East,Small Business,Fashion,Denim Jeans,4,1599,0.0,6396.0
ORD11485,2025-05-08,North,Consumer,Books,Python Handbook,3,699,0.1,1887.3
ORD12099,2025-05-09,West,Consumer,Electronics,Bluetooth Speaker,1,3499,0.1,3149.1
ORD12912,2025-05-09,North,Consumer,Fashion,Running Shoes,4,2799,0.2,8956.8
ORD11805,2025-05-09,South,Corporate,Books,Novel,5,399,0.0,1995.0
ORD11835,2025-05-10,East,Corporate,Home & Kitchen,Non-stick Pan,1,1199,0.05,1139.05
ORD12182,2025-05-10,North,Consumer,Fashion,Running Shoes,1,2799,0.1,2519.1
ORD11653,2025-05-10,West,Consumer,Fashion,Denim Jeans,4,1599,0.2,5116.8
ORD10869,2025-05-10,East,Consumer,Electronics,Power Bank,4,1299,0.0,5196.0
ORD12473,2025-05-11,South,Small Business,Electronics,Power Bank,4,1299,0.0,5196.0
ORD10678,2025-05-11,North,Consumer,Fashion,Cotton Kurta,4,899,0.1,3236.4
ORD11785,2025-05-11,North,Corporate,Fashion,Denim Jeans,1,1599,0.1,1439.1
ORD12179,2025-05-11,North,Corporate,Fashion,Backpack,5,1399,0.1,6295.5
ORD10822,2025-05-11,East,Consumer,Fashion,Backpack,4,1399,0.0,5596.0
ORD10490,2025-05-11,West,Corporate,Electronics,Smartwatch,4,5999,0.1,21596.4
ORD11430,2025-05-12,North,Consumer,Fashion,Running Shoes,3,2799,0.2,6717.6
ORD10258,2025-05-12,South,Consumer,Fashion,Cotton Kurta,5,899,0.0,4495.0
ORD12831,2025-05-12,East,Consumer,Books,Finance 101,4,799,0.2,2556.8
ORD11955,2025-05-12,North,Corporate,Fashion,Cotton Kurta,2,899,0.0,1798.0
ORD10959,2025-05-12,South,Small Business,Electronics,Bluetooth Speaker,3,3499,0.1,9447.3
ORD12461,2025-05-13,East,Consumer,Electronics,Wireless Earbuds,4,2499,0.0,9996.0
ORD11057,2025-05-13,East,Corporate,Electronics,Power Bank,5,1299,0.0,6495.0
ORD12007,2025-05-13,South,Corporate,Fashion,Backpack,4,1399,0.0,5596.0
ORD10690,2025-05-13,West,Corporate,Fashion,Cotton Kurta,5,899,0.0,4495.0
ORD10375,2025-05-13,East,Consumer,Electronics,Wireless Earbuds,5,2499,0.05,11870.25
ORD10354,2025-05-13,South,Corporate,Home & Kitchen,Pressure Cooker,1,1899,0.2,1519.2
ORD10167,2025-05-13,North,Consumer,Fashion,Cotton Kurta,5,899,0.2,3596.0
ORD11818,2025-05-14,North,Consumer,Electronics,Bluetooth Speaker,3,3499,0.05,9972.15
ORD12277,2025-05-14,South,Consumer,Electronics,Smartwatch,1,5999,0.05,5699.05
ORD12922,2025-05-15,North,Consumer,Fashion,Backpack,4,1399,0.0,5596.0
ORD12848,2025-05-15,West,Consumer,Fashion,Running Shoes,4,2799,0.1,10076.4
ORD11499,2025-05-15,North,Consumer,Electronics,Smartwatch,4,5999,0.0,23996.0
ORD10080,2025-05-15,West,Corporate,Fashion,Running Shoes,1,2799,0.0,2799.0
ORD10175,2025-05-15,West,Consumer,Electronics,Wireless Earbuds,1,2499,0.0,2499.0
ORD10413,2025-05-15,South,Consumer,Electronics,Bluetooth Speaker,3,3499,0.0,10497.0
ORD11095,2025-05-15,North,Small Business,Fashion,Denim Jeans,5,1599,0.0,7995.0
ORD11115,2025-05-15,West,Consumer,Home & Kitchen,Pressure Cooker,2,1899,0.05,3608.1
ORD11536,2025-05-16,East,Corporate,Books,Novel,1,399,0.1,359.1
ORD10839,2025-05-16,West,Consumer,Fashion,Denim Jeans,4,1599,0.0,6396.0
ORD11666,2025-05-17,West,Consumer,Home & Kitchen,Water Bottle,2,499,0.0,998.0
ORD11632,2025-05-18,East,Consumer,Electronics,Bluetooth Speaker,1,3499,0.0,3499.0
ORD11002,2025-05-18,North,Corporate,Fashion,Cotton Kurta,3,899,0.1,2427.3
ORD11212,2025-05-18,East,Consumer,Home & Kitchen,Pressure Cooker,5,1899,0.2,7596.0
ORD10832,2025-05-19,North,Consumer,Fashion,Cotton Kurta,2,899,0.1,1618.2
ORD12839,2025-05-19,East,Consumer,Electronics,Bluetooth Speaker,4,3499,0.1,12596.4
ORD10914,2025-05-20,South,Corporate,Electronics,Bluetooth Speaker,4,3499,0.0,13996.0
ORD11420,2025-05-20,South,Consumer,Electronics,Smartwatch,2,5999,0.0,11998.0
ORD11871,2025-05-20,East,Consumer,Fashion,Cotton Kurta,1,899,0.0,899.0
ORD11935,2025-05-20,North,Consumer,Fashion,Denim Jeans,1,1599,0.2,1279.2
ORD12630,2025-05-20,West,Consumer,Fashion,Cotton Kurta,2,899,0.2,1438.4
ORD11263,2025-05-20,North,Consumer,Fashion,Running Shoes,4,2799,0.0,11196.0
ORD10479,2025-05-20,North,Consumer,Home & Kitchen,Water Bottle,5,499,0.05,2370.25
ORD12742,2025-05-21,North,Corporate,Electronics,Power Bank,4,1299,0.05,4936.2
ORD11923,2025-05-21,West,Consumer,Fashion,Cotton Kurta,4,899,0.0,3596.0
ORD11925,2025-05-21,South,Corporate,Home & Kitchen,Pressure Cooker,4,1899,0.1,6836.4
ORD12648,2025-05-21,North,Corporate,Fashion,Running Shoes,1,2799,0.0,2799.0
ORD11505,2025-05-21,North,Consumer,Electronics,Bluetooth Speaker,3,3499,0.05,9972.15
ORD12258,2025-05-22,East,Consumer,Fashion,Backpack,3,1399,0.05,3987.15
ORD11892,2025-05-22,North,Consumer,Electronics,Wireless Earbuds,3,2499,0.0,7497.0
ORD10467,2025-05-22,West,Small Business,Electronics,Power Bank,1,1299,0.0,1299.0
ORD12055,2025-05-22,North,Consumer,Fashion,Cotton Kurta,5,899,0.0,4495.0
ORD10662,2025-05-22,West,Consumer,Home & Kitchen,Mixer Grinder,5,3299,0.05,15670.25
ORD12715,2025-05-22,South,Corporate,Electronics,Power Bank,2,1299,0.0,2598.0
ORD12072,2025-05-23,East,Corporate,Fashion,Cotton Kurta,1,899,0.2,719.2
ORD10961,2025-05-23,North,Corporate,Electronics,Bluetooth Speaker,2,3499,0.0,6998.0
ORD10958,2025-05-23,South,Consumer,Home & Kitchen,Non-stick Pan,2,1199,0.05,2278.1
ORD11798,2025-05-23,West,Consumer,Electronics,Bluetooth Speaker,1,3499,0.05,3324.05
ORD10086,2025-05-24,West,Consumer,Fashion,Denim Jeans,3,1599,0.05,4557.15
ORD12815,2025-05-24,West,Consumer,Fashion,Cotton Kurta,2,899,0.0,1798.0
ORD12232,2025-05-24,North,Consumer,Electronics,Power Bank,3,1299,0.0,3897.0
ORD12492,2025-05-24,East,Consumer,Electronics,Power Bank,5,1299,0.0,6495.0
ORD12590,2025-05-24,West,Consumer,Books,Python Handbook,1,699,0.0,699.0
ORD11840,2025-05-25,East,Consumer,Home & Kitchen,Water Bottle,2,499,0.1,898.2
ORD10667,2025-05-25,North,Corporate,Fashion,Backpack,5,1399,0.2,5596.0
ORD12410,2025-05-25,North,Consumer,Electronics,Bluetooth Speaker,1,3499,0.2,2799.2
ORD12810,2025-05-25,South,Small Business,Home & Kitchen,Pressure Cooker,1,1899,0.0,1899.0
ORD12440,2025-05-26,North,Corporate,Fashion,Backpack,3,1399,0.05,3987.15
ORD11290,2025-05-26,South,Consumer,Fashion,Cotton Kurta,4,899,0.0,3596.0
ORD10842,2025-05-26,North,Small Business,Fashion,Backpack,1,1399,0.0,1399.0
ORD10857,2025-05-26,South,Corporate,Fashion,Running Shoes,4,2799,0.0,11196.0
ORD12046,2025-05-27,South,Consumer,Books,Novel,5,399,0.0,1995.0
ORD12378,2025-05-28,South,Consumer,Electronics,Wireless Earbuds,4,2499,0.05,9496.2
ORD10493,2025-05-28,North,Consumer,Fashion,Cotton Kurta,2,899,0.0,1798.0
ORD11495,2025-05-29,South,Small Business,Books,Python Handbook,5,699,0.0,3495.0
ORD12371,2025-05-29,South,Consumer,Electronics,Wireless Earbuds,3,2499,0.2,5997.6
ORD12610,2025-05-29,North,Corporate,Fashion,Running Shoes,4,2799,0.2,8956.8
ORD12842,2025-05-29,North,Consumer,Fashion,Backpack,4,1399,0.0,5596.0
ORD10877,2025-05-30,South,Small Business,Home & Kitchen,Non-stick Pan,4,1199,0.0,4796.0
ORD10294,2025-05-30,South,Corporate,Home & Kitchen,Pressure Cooker,4,1899,0.1,6836.4
ORD12059,2025-05-30,North,Consumer,Home & Kitchen,Non-stick Pan,1,1199,0.0,1199.0
ORD10757,2025-05-30,South,Corporate,Home & Kitchen,Water Bottle,2,499,0.2,798.4
ORD11821,2025-05-30,South,Consumer,Electronics,Smartwatch,3,5999,0.0,17997.0
ORD12740,2025-05-30,West,Consumer,Home & Kitchen,Mixer Grinder,3,3299,0.2,7917.6
ORD11566,2025-05-31,East,Consumer,Electronics,Wireless Earbuds,2,2499,0.1,4498.2
ORD10300,2025-05-31,South,Corporate,Fashion,Denim Jeans,1,1599,0.0,1599.0
ORD12385,2025-05-31,North,Corporate,Books,Novel,1,399,0.1,359.1
ORD12066,2025-05-31,West,Corporate,Electronics,Wireless Earbuds,4,2499,0.05,9496.2
ORD12450,2025-05-31,North,Corporate,Electronics,Bluetooth Speaker,3,3499,0.0,10497.0
ORD11531,2025-05-31,West,Corporate,Home & Kitchen,Non-stick Pan,2,1199,0.0,2398.0
ORD12134,2025-05-31,East,Corporate,Home & Kitchen,Mixer Grinder,3,3299,0.0,9897.0
ORD10265,2025-05-31,South,Consumer,Fashion,Running Shoes,1,2799,0.0,2799.0
ORD11779,2025-06-01,North,Consumer,Fashion,Running Shoes,1,2799,0.0,2799.0
ORD11366,2025-06-01,East,Corporate,Home & Kitchen,Non-stick Pan,2,1199,0.1,2158.2
ORD12012,2025-06-01,South,Consumer,Fashion,Denim Jeans,1,1599,0.0,1599.0
ORD12598,2025-06-01,South,Consumer,Fashion,Backpack,5,1399,0.0,6995.0
ORD12956,2025-06-01,South,Consumer,Fashion,Running Shoes,3,2799,0.0,8397.0
ORD12906,2025-06-01,North,Small Business,Fashion,Backpack,1,1399,0.0,1399.0
ORD12679,2025-06-01,East,Corporate,Fashion,Running Shoes,5,2799,0.2,11196.0
ORD11615,2025-06-02,East,Consumer,Books,SQL Basics,4,549,0.1,1976.4
ORD12405,2025-06-02,West,Corporate,Electronics,Smartwatch,1,5999,0.1,5399.1
ORD11851,2025-06-02,South,Consumer,Electronics,Smartwatch,4,5999,0.2,19196.8
ORD10053,2025-06-02,East,Corporate,Electronics,Wireless Earbuds,5,2499,0.0,12495.0
ORD11502,2025-06-02,South,Consumer,Home & Kitchen,Mixer Grinder,4,3299,0.2,10556.8
ORD10585,2025-06-03,East,Consumer,Fashion,Backpack,2,1399,0.1,2518.2
ORD12528,2025-06-03,North,Consumer,Electronics,Bluetooth Speaker,5,3499,0.0,17495.0
ORD11859,2025-06-03,West,Consumer,Home & Kitchen,Pressure Cooker,2,1899,0.0,3798.0
ORD10338,2025-06-04,North,Consumer,Electronics,Smartwatch,2,5999,0.1,10798.2
ORD11156,2025-06-04,South,Consumer,Electronics,Smartwatch,4,5999,0.1,21596.4
ORD12970,2025-06-04,East,Consumer,Electronics,Wireless Earbuds,4,2499,0.0,9996.0
ORD10963,2025-06-04,West,Corporate,Electronics,Smartwatch,5,5999,0.0,29995.0
ORD12551,2025-06-04,West,Consumer,Home & Kitchen,Mixer Grinder,1,3299,0.1,2969.1
ORD10808,2025-06-04,West,Consumer,Home & Kitchen,Pressure Cooker,2,1899,0.05,3608.1
ORD12030,2025-06-04,West,Consumer,Home & Kitchen,Pressure Cooker,5,1899,0.0,9495.0
ORD10637,2025-06-05,South,Consumer,Electronics,Bluetooth Speaker,1,3499,0.0,3499.0
ORD12310,2025-06-05,West,Consumer,Books,SQL Basics,2,549,0.2,878.4
ORD10831,2025-06-05,North,Small Business,Electronics,Power Bank,5,1299,0.05,6170.25
ORD11271,2025-06-05,West,Consumer,Fashion,Denim Jeans,2,1599,0.0,3198.0
ORD10547,2025-06-05,West,Consumer,Books,Finance 101,3,799,0.0,2397.0
ORD11231,2025-06-05,North,Corporate,Books,Python Handbook,3,699,0.0,2097.0
ORD10518,2025-06-05,West,Consumer,Fashion,Denim Jeans,5,1599,0.05,7595.25
ORD10821,2025-06-06,West,Corporate,Home & Kitchen,Non-stick Pan,2,1199,0.05,2278.1
ORD11752,2025-06-06,South,Consumer,Home & Kitchen,Mixer Grinder,1,3299,0.1,2969.1
ORD11301,2025-06-06,South,Small Business,Electronics,Wireless Earbuds,5,2499,0.1,11245.5
ORD10491,2025-06-07,West,Consumer,Electronics,Smartwatch,3,5999,0.2,14397.6
ORD12320,2025-06-07,South,Consumer,Electronics,Wireless Earbuds,4,2499,0.2,7996.8
ORD12384,2025-06-07,East,Consumer,Electronics,Wireless Earbuds,4,2499,0.0,9996.0
ORD11358,2025-06-08,West,Corporate,Electronics,Power Bank,1,1299,0.0,1299.0
ORD11984,2025-06-08,East,Corporate,Electronics,Power Bank,1,1299,0.0,1299.0
ORD11866,2025-06-09,North,Corporate,Books,Python Handbook,4,699,0.05,2656.2
ORD10172,2025-06-09,South,Corporate,Electronics,Smartwatch,4,5999,0.05,22796.2
ORD12332,2025-06-09,North,Consumer,Electronics,Bluetooth Speaker,3,3499,0.0,10497.0
ORD12768,2025-06-09,North,Consumer,Home & Kitchen,Non-stick Pan,3,1199,0.0,3597.0
ORD12116,2025-06-10,North,Corporate,Books,SQL Basics,2,549,0.2,878.4
ORD10785,2025-06-10,North,Consumer,Electronics,Wireless Earbuds,1,2499,0.0,2499.0
ORD11232,2025-06-10,West,Consumer,Fashion,Running Shoes,1,2799,0.0,2799.0
ORD11652,2025-06-10,South,Consumer,Books,Novel,5,399,0.1,1795.5
ORD12274,2025-06-10,North,Consumer,Home & Kitchen,Mixer Grinder,3,3299,0.0,9897.0
ORD12439,2025-06-10,East,Consumer,Fashion,Denim Jeans,1,1599,0.1,1439.1
ORD10161,2025-06-11,East,Corporate,Home & Kitchen,Mixer Grinder,1,3299,0.0,3299.0
ORD12295,2025-06-11,South,Corporate,Books,SQL Basics,3,549,0.05,1564.65
ORD10861,2025-06-12,North,Consumer,Electronics,Bluetooth Speaker,3,3499,0.1,9447.3
ORD10386,2025-06-12,East,Consumer,Electronics,Power Bank,5,1299,0.2,5196.0
ORD11762,2025-06-12,North,Corporate,Fashion,Running Shoes,4,2799,0.05,10636.2
ORD12626,2025-06-12,South,Consumer,Fashion,Backpack,4,1399,0.0,5596.0
ORD11814,2025-06-12,South,Corporate,Books,Python Handbook,5,699,0.0,3495.0
ORD10078,2025-06-12,South,Consumer,Electronics,Bluetooth Speaker,5,3499,0.0,17495.0
ORD12325,2025-06-13,South,Corporate,Electronics,Bluetooth Speaker,3,3499,0.0,10497.0
ORD12312,2025-06-13,East,Small Business,Home & Kitchen,Water Bottle,3,499,0.1,1347.3
ORD11737,2025-06-13,North,Consumer,Electronics,Bluetooth Speaker,4,3499,0.05,13296.2
ORD12692,2025-06-13,North,Corporate,Home & Kitchen,Pressure Cooker,1,1899,0.0,1899.0
ORD10895,2025-06-14,North,Corporate,Fashion,Cotton Kurta,1,899,0.0,899.0
ORD11975,2025-06-14,South,Consumer,Books,SQL Basics,5,549,0.2,2196.0
ORD11841,2025-06-15,North,Consumer,Books,Python Handbook,4,699,0.05,2656.2
ORD10724,2025-06-15,South,Small Business,Electronics,Smartwatch,4,5999,0.0,23996.0
ORD11185,2025-06-15,South,Consumer,Books,Python Handbook,2,699,0.0,1398.0
ORD11792,2025-06-16,South,Consumer,Fashion,Backpack,2,1399,0.1,2518.2
ORD10712,2025-06-16,South,Small Business,Fashion,Running Shoes,3,2799,0.1,7557.3
ORD11217,2025-06-16,North,Consumer,Fashion,Backpack,4,1399,0.0,5596.0
ORD11678,2025-06-17,North,Small Business,Fashion,Running Shoes,3,2799,0.0,8397.0
ORD11643,2025-06-17,West,Corporate,Electronics,Bluetooth Speaker,3,3499,0.05,9972.15
ORD10405,2025-06-17,South,Small Business,Books,Finance 101,5,799,0.0,3995.0
ORD12594,2025-06-18,North,Consumer,Electronics,Bluetooth Speaker,2,3499,0.2,5598.4
ORD10681,2025-06-18,South,Consumer,Fashion,Backpack,1,1399,0.05,1329.05
ORD10954,2025-06-18,East,Consumer,Electronics,Wireless Earbuds,5,2499,0.05,11870.25
ORD11930,2025-06-18,West,Consumer,Fashion,Cotton Kurta,1,899,0.0,899.0
ORD11720,2025-06-18,East,Small Business,Home & Kitchen,Water Bottle,4,499,0.0,1996.0
ORD11894,2025-06-19,South,Small Business,Fashion,Cotton Kurta,4,899,0.2,2876.8
ORD10696,2025-06-19,South,Consumer,Books,Finance 101,3,799,0.0,2397.0
ORD10099,2025-06-20,West,Consumer,Fashion,Denim Jeans,2,1599,0.0,3198.0
ORD10121,2025-06-20,South,Small Business,Electronics,Smartwatch,1,5999,0.05,5699.05
ORD12256,2025-06-20,South,Consumer,Fashion,Running Shoes,4,2799,0.0,11196.0
ORD11153,2025-06-20,North,Corporate,Fashion,Running Shoes,4,2799,0.0,11196.0
ORD10889,2025-06-20,West,Corporate,Home & Kitchen,Mixer Grinder,5,3299,0.1,14845.5
ORD10875,2025-06-20,East,Corporate,Fashion,Cotton Kurta,3,899,0.2,2157.6
ORD11111,2025-06-20,North,Small Business,Home & Kitchen,Water Bottle,2,499,0.0,998.0
ORD10156,2025-06-21,East,Corporate,Electronics,Smartwatch,4,5999,0.0,23996.0
ORD11343,2025-06-21,East,Consumer,Fashion,Cotton Kurta,4,899,0.05,3416.2
ORD10183,2025-06-21,North,Small Business,Home & Kitchen,Mixer Grinder,4,3299,0.0,13196.0
ORD11527,2025-06-21,East,Consumer,Electronics,Bluetooth Speaker,4,3499,0.0,13996.0
ORD11062,2025-06-22,South,Consumer,Home & Kitchen,Mixer Grinder,2,3299,0.1,5938.2
ORD12321,2025-06-22,South,Corporate,Electronics,Smartwatch,2,5999,0.0,11998.0
ORD10037,2025-06-22,North,Consumer,Electronics,Power Bank,1,1299,0.2,1039.2
ORD11980,2025-06-22,South,Small Business,Home & Kitchen,Non-stick Pan,5,1199,0.0,5995.0
ORD10320,2025-06-23,South,Small Business,Books,Finance 101,1,799,0.0,799.0
ORD11682,2025-06-24,West,Corporate,Fashion,Denim Jeans,2,1599,0.05,3038.1
ORD11042,2025-06-24,South,Consumer,Fashion,Denim Jeans,4,1599,0.1,5756.4
ORD11040,2025-06-24,East,Corporate,Home & Kitchen,Pressure Cooker,3,1899,0.2,4557.6
ORD10377,2025-06-25,East,Consumer,Electronics,Wireless Earbuds,1,2499,0.0,2499.0
ORD11468,2025-06-25,North,Consumer,Books,Python Handbook,3,699,0.2,1677.6
ORD11849,2025-06-25,East,Corporate,Fashion,Cotton Kurta,4,899,0.2,2876.8
ORD10707,2025-06-26,North,Consumer,Books,Novel,2,399,0.0,798.0
ORD11378,2025-06-27,West,Consumer,Home & Kitchen,Mixer Grinder,5,3299,0.1,14845.5
ORD11718,2025-06-27,South,Consumer,Fashion,Running Shoes,1,2799,0.0,2799.0
ORD11642,2025-06-27,West,Small Business,Electronics,Wireless Earbuds,1,2499,0.0,2499.0
ORD12578,2025-06-28,North,Consumer,Fashion,Denim Jeans,1,1599,0.1,1439.1
ORD11960,2025-06-28,North,Small Business,Electronics,Wireless Earbuds,3,2499,0.1,6747.3
ORD10503,2025-06-29,East,Small Business,Home & Kitchen,Pressure Cooker,1,1899,0.1,1709.1
ORD12899,2025-06-29,West,Consumer,Fashion,Running Shoes,4,2799,0.0,11196.0
ORD10872,2025-06-29,North,Consumer,Home & Kitchen,Water Bottle,5,499,0.1,2245.5
ORD10526,2025-06-29,North,Corporate,Fashion,Running Shoes,1,2799,0.0,2799.0
ORD10866,2025-06-29,South,Small Business,Home & Kitchen,Non-stick Pan,3,1199,0.05,3417.15
ORD11808,2025-06-29,South,Consumer,Fashion,Denim Jeans,3,1599,0.0,4797.0
ORD12555,2025-06-30,North,Corporate,Home & Kitchen,Pressure Cooker,3,1899,0.0,5697.0
ORD12347,2025-06-30,East,Small Business,Fashion,Running Shoes,3,2799,0.05,7977.15
ORD12366,2025-06-30,South,Consumer,Home & Kitchen,Non-stick Pan,3,1199,0.0,3597.0
ORD11477,2025-07-01,South,Consumer,Home & Kitchen,Water Bottle,1,499,0.05,474.05
ORD11461,2025-07-01,West,Corporate,Electronics,Smartwatch,3,5999,0.2,14397.6
ORD10088,2025-07-01,North,Small Business,Electronics,Power Bank,1,1299,0.05,1234.05
ORD11946,2025-07-01,North,Small Business,Books,Python Handbook,3,699,0.1,1887.3
ORD11307,2025-07-01,North,Consumer,Fashion,Running Shoes,1,2799,0.0,2799.0
ORD11867,2025-07-01,South,Small Business,Home & Kitchen,Mixer Grinder,5,3299,0.1,14845.5
ORD10310,2025-07-01,South,Consumer,Fashion,Running Shoes,4,2799,0.2,8956.8
ORD10340,2025-07-02,South,Corporate,Fashion,Denim Jeans,5,1599,0.0,7995.0
ORD11188,2025-07-02,South,Consumer,Books,Novel,4,399,0.05,1516.2
ORD12992,2025-07-02,South,Consumer,Fashion,Cotton Kurta,4,899,0.0,3596.0
ORD12194,2025-07-02,North,Consumer,Books,Python Handbook,5,699,0.05,3320.25
ORD10505,2025-07-02,North,Small Business,Fashion,Running Shoes,4,2799,0.1,10076.4
ORD11222,2025-07-02,East,Consumer,Electronics,Smartwatch,1,5999,0.05,5699.05
ORD10201,2025-07-02,South,Corporate,Electronics,Power Bank,2,1299,0.2,2078.4
ORD12658,2025-07-02,South,Consumer,Fashion,Running Shoes,2,2799,0.05,5318.1
ORD11634,2025-07-03,West,Consumer,Fashion,Denim Jeans,2,1599,0.0,3198.0
ORD12813,2025-07-03,West,Consumer,Fashion,Denim Jeans,3,1599,0.0,4797.0
ORD11324,2025-07-03,North,Small Business,Home & Kitchen,Non-stick Pan,5,1199,0.0,5995.0
ORD11987,2025-07-03,North,Small Business,Books,Python Handbook,5,699,0.0,3495.0
ORD10475,2025-07-03,East,Consumer,Electronics,Bluetooth Speaker,1,3499,0.2,2799.2
ORD10176,2025-07-04,South,Consumer,Electronics,Bluetooth Speaker,1,3499,0.0,3499.0
ORD12760,2025-07-04,East,Small Business,Electronics,Bluetooth Speaker,3,3499,0.1,9447.3
ORD11602,2025-07-05,North,Corporate,Home & Kitchen,Water Bottle,5,499,0.0,2495.0
ORD10446,2025-07-05,West,Corporate,Electronics,Wireless Earbuds,3,2499,0.1,6747.3
ORD12747,2025-07-05,West,Corporate,Fashion,Running Shoes,1,2799,0.0,2799.0
ORD12829,2025-07-05,East,Consumer,Electronics,Power Bank,5,1299,0.0,6495.0
ORD12978,2025-07-06,South,Consumer,Books,Finance 101,1,799,0.0,799.0
ORD10108,2025-07-06,North,Consumer,Electronics,Smartwatch,1,5999,0.0,5999.0
ORD11063,2025-07-06,West,Consumer,Fashion,Cotton Kurta,5,899,0.0,4495.0
ORD12009,2025-07-07,South,Corporate,Home & Kitchen,Mixer Grinder,5,3299,0.0,16495.0
ORD12352,2025-07-07,West,Consumer,Fashion,Denim Jeans,1,1599,0.0,1599.0
ORD10840,2025-07-07,North,Consumer,Fashion,Denim Jeans,5,1599,0.0,7995.0
ORD12559,2025-07-07,North,Consumer,Fashion,Backpack,5,1399,0.0,6995.0
ORD10425,2025-07-07,North,Consumer,Home & Kitchen,Pressure Cooker,1,1899,0.0,1899.0
ORD11429,2025-07-07,East,Small Business,Electronics,Power Bank,5,1299,0.0,6495.0
ORD10255,2025-07-08,West,Consumer,Electronics,Bluetooth Speaker,3,3499,0.1,9447.3
ORD12915,2025-07-08,South,Small Business,Home & Kitchen,Non-stick Pan,1,1199,0.0,1199.0
ORD12684,2025-07-08,West,Consumer,Electronics,Bluetooth Speaker,5,3499,0.0,17495.0
ORD10864,2025-07-09,West,Consumer,Home & Kitchen,Water Bottle,3,499,0.05,1422.15
ORD10625,2025-07-09,North,Consumer,Home & Kitchen,Pressure Cooker,5,1899,0.0,9495.0
ORD11695,2025-07-09,East,Small Business,Fashion,Denim Jeans,5,1599,0.0,7995.0
ORD12411,2025-07-09,South,Corporate,Books,Novel,4,399,0.2,1276.8
ORD11077,2025-07-09,South,Small Business,Electronics,Wireless Earbuds,2,2499,0.0,4998.0
ORD12144,2025-07-10,South,Consumer,Electronics,Power Bank,2,1299,0.1,2338.2
ORD10610,2025-07-10,West,Consumer,Electronics,Power Bank,4,1299,0.0,5196.0
ORD11692,2025-07-10,East,Consumer,Electronics,Wireless Earbuds,2,2499,0.2,3998.4
ORD11069,2025-07-10,West,Corporate,Electronics,Wireless Earbuds,2,2499,0.1,4498.2
ORD11038,2025-07-10,South,Consumer,Electronics,Bluetooth Speaker,5,3499,0.2,13996.0
ORD11269,2025-07-10,East,Consumer,Home & Kitchen,Pressure Cooker,2,1899,0.0,3798.0
ORD10164,2025-07-11,South,Consumer,Fashion,Denim Jeans,4,1599,0.2,5116.8
ORD11203,2025-07-11,South,Corporate,Fashion,Running Shoes,1,2799,0.0,2799.0
ORD10737,2025-07-11,South,Consumer,Electronics,Smartwatch,5,5999,0.0,29995.0
ORD11292,2025-07-11,East,Consumer,Fashion,Denim Jeans,4,1599,0.2,5116.8
ORD11339,2025-07-11,West,Consumer,Books,Finance 101,4,799,0.0,3196.0
ORD10592,2025-07-11,South,Consumer,Fashion,Backpack,5,1399,0.0,6995.0
ORD11988,2025-07-11,East,Consumer,Books,Novel,5,399,0.1,1795.5
ORD10305,2025-07-11,East,Small Business,Fashion,Cotton Kurta,5,899,0.05,4270.25
ORD10288,2025-07-11,South,Consumer,Electronics,Wireless Earbuds,3,2499,0.0,7497.0
ORD11125,2025-07-12,East,Consumer,Books,Novel,5,399,0.1,1795.5
ORD10449,2025-07-12,South,Consumer,Books,Python Handbook,4,699,0.05,2656.2
ORD11661,2025-07-12,South,Corporate,Home & Kitchen,Non-stick Pan,5,1199,0.1,5395.5
ORD12322,2025-07-12,East,Consumer,Fashion,Denim Jeans,4,1599,0.0,6396.0
ORD11745,2025-07-12,West,Consumer,Fashion,Denim Jeans,2,1599,0.0,3198.0
ORD10048,2025-07-13,South,Consumer,Fashion,Denim Jeans,4,1599,0.05,6076.2
ORD10598,2025-07-13,West,Consumer,Books,Python Handbook,3,699,0.0,2097.0
ORD10805,2025-07-13,East,Corporate,Electronics,Wireless Earbuds,2,2499,0.0,4998.0
ORD11844,2025-07-13,South,Consumer,Electronics,Wireless Earbuds,4,2499,0.0,9996.0
ORD10312,2025-07-13,North,Consumer,Fashion,Running Shoes,1,2799,0.1,2519.1
ORD12141,2025-07-14,South,Consumer,Electronics,Wireless Earbuds,3,2499,0.1,6747.3
ORD12907,2025-07-14,South,Corporate,Electronics,Bluetooth Speaker,3,3499,0.2,8397.6
ORD10553,2025-07-14,North,Corporate,Home & Kitchen,Water Bottle,1,499,0.2,399.2
ORD11127,2025-07-14,East,Corporate,Electronics,Bluetooth Speaker,3,3499,0.2,8397.6
ORD10318,2025-07-15,South,Consumer,Home & Kitchen,Mixer Grinder,2,3299,0.1,5938.2
ORD12619,2025-07-15,North,Consumer,Electronics,Smartwatch,3,5999,0.1,16197.3
ORD11989,2025-07-15,South,Consumer,Books,SQL Basics,3,549,0.2,1317.6
ORD11456,2025-07-16,North,Small Business,Electronics,Power Bank,3,1299,0.0,3897.0
ORD12521,2025-07-16,North,Consumer,Electronics,Bluetooth Speaker,5,3499,0.05,16620.25
ORD11396,2025-07-16,North,Consumer,Home & Kitchen,Pressure Cooker,2,1899,0.0,3798.0
ORD11519,2025-07-16,West,Consumer,Fashion,Running Shoes,1,2799,0.05,2659.05
ORD12966,2025-07-16,South,Consumer,Electronics,Power Bank,4,1299,0.0,5196.0
ORD11012,2025-07-16,South,Consumer,Fashion,Running Shoes,1,2799,0.0,2799.0
ORD12996,2025-07-17,West,Corporate,Electronics,Smartwatch,3,5999,0.2,14397.6
ORD12950,2025-07-17,South,Consumer,Electronics,Bluetooth Speaker,2,3499,0.1,6298.2
ORD11341,2025-07-17,West,Corporate,Electronics,Power Bank,1,1299,0.0,1299.0
ORD11709,2025-07-17,South,Consumer,Electronics,Smartwatch,1,5999,0.1,5399.1
ORD10309,2025-07-17,South,Consumer,Fashion,Backpack,1,1399,0.2,1119.2
ORD11123,2025-07-18,West,Small Business,Fashion,Denim Jeans,1,1599,0.0,1599.0
ORD10488,2025-07-18,North,Small Business,Fashion,Backpack,5,1399,0.0,6995.0
ORD10442,2025-07-18,West,Consumer,Books,SQL Basics,3,549,0.0,1647.0
ORD11857,2025-07-18,South,Small Business,Fashion,Running Shoes,3,2799,0.05,7977.15
ORD10184,2025-07-18,North,Corporate,Electronics,Wireless Earbuds,5,2499,0.1,11245.5
ORD11280,2025-07-19,West,Consumer,Electronics,Power Bank,3,1299,0.2,3117.6
ORD12773,2025-07-19,North,Small Business,Home & Kitchen,Non-stick Pan,5,1199,0.0,5995.0
ORD11367,2025-07-19,West,Consumer,Fashion,Backpack,5,1399,0.2,5596.0
ORD11372,2025-07-19,West,Consumer,Books,SQL Basics,3,549,0.1,1482.3
ORD12081,2025-07-19,South,Consumer,Electronics,Wireless Earbuds,4,2499,0.2,7996.8
ORD10539,2025-07-20,North,Corporate,Home & Kitchen,Mixer Grinder,5,3299,0.0,16495.0
ORD11816,2025-07-20,West,Consumer,Electronics,Power Bank,4,1299,0.1,4676.4
ORD10332,2025-07-20,North,Corporate,Fashion,Denim Jeans,2,1599,0.05,3038.1
ORD12224,2025-07-20,South,Consumer,Fashion,Denim Jeans,1,1599,0.0,1599.0
ORD10217,2025-07-20,South,Corporate,Books,SQL Basics,1,549,0.2,439.2
ORD12430,2025-07-21,West,Consumer,Electronics,Power Bank,4,1299,0.0,5196.0
ORD11834,2025-07-21,South,Consumer,Electronics,Smartwatch,1,5999,0.0,5999.0
ORD10158,2025-07-21,South,Small Business,Fashion,Cotton Kurta,1,899,0.0,899.0
ORD12587,2025-07-21,South,Small Business,Books,SQL Basics,5,549,0.0,2745.0
ORD11507,2025-07-22,West,Consumer,Books,SQL Basics,5,549,0.05,2607.75
ORD10122,2025-07-22,West,Consumer,Home & Kitchen,Pressure Cooker,5,1899,0.0,9495.0
ORD12706,2025-07-22,South,Consumer,Home & Kitchen,Mixer Grinder,4,3299,0.0,13196.0
ORD11059,2025-07-23,South,Small Business,Home & Kitchen,Pressure Cooker,5,1899,0.0,9495.0
ORD10059,2025-07-23,West,Consumer,Electronics,Bluetooth Speaker,3,3499,0.0,10497.0
ORD10021,2025-07-23,South,Consumer,Electronics,Wireless Earbuds,1,2499,0.0,2499.0
ORD12939,2025-07-23,West,Consumer,Books,Python Handbook,4,699,0.1,2516.4
ORD12910,2025-07-23,North,Corporate,Home & Kitchen,Water Bottle,4,499,0.1,1796.4
ORD10492,2025-07-24,North,Consumer,Home & Kitchen,Water Bottle,4,499,0.0,1996.0
ORD12039,2025-07-24,West,Consumer,Electronics,Power Bank,4,1299,0.0,5196.0
ORD11481,2025-07-24,South,Consumer,Electronics,Power Bank,1,1299,0.1,1169.1
ORD12657,2025-07-25,South,Consumer,Home & Kitchen,Non-stick Pan,2,1199,0.0,2398.0
ORD10414,2025-07-25,West,Consumer,Fashion,Cotton Kurta,2,899,0.0,1798.0
ORD11748,2025-07-25,West,Consumer,Electronics,Wireless Earbuds,2,2499,0.05,4748.1
ORD10119,2025-07-25,East,Small Business,Fashion,Backpack,3,1399,0.05,3987.15
ORD11039,2025-07-26,South,Corporate,Fashion,Cotton Kurta,4,899,0.05,3416.2
ORD12105,2025-07-26,North,Consumer,Electronics,Smartwatch,2,5999,0.1,10798.2
ORD10139,2025-07-26,West,Corporate,Books,Finance 101,4,799,0.0,3196.0
ORD11523,2025-07-26,West,Consumer,Fashion,Running Shoes,4,2799,0.2,8956.8
ORD12705,2025-07-27,West,Consumer,Electronics,Wireless Earbuds,1,2499,0.2,1999.2
ORD10016,2025-07-27,North,Corporate,Fashion,Running Shoes,1,2799,0.0,2799.0
ORD11103,2025-07-27,North,Consumer,Fashion,Running Shoes,3,2799,0.05,7977.15
ORD11660,2025-07-27,South,Consumer,Books,Python Handbook,1,699,0.1,629.1
ORD10986,2025-07-27,West,Corporate,Fashion,Running Shoes,5,2799,0.0,13995.0
ORD10651,2025-07-28,East,Consumer,Electronics,Power Bank,3,1299,0.0,3897.0
ORD11336,2025-07-29,East,Consumer,Fashion,Running Shoes,4,2799,0.05,10636.2
ORD11986,2025-07-29,West,Corporate,Electronics,Wireless Earbuds,3,2499,0.05,7122.15
ORD10299,2025-07-29,South,Consumer,Electronics,Smartwatch,2,5999,0.0,11998.0
ORD10726,2025-07-29,North,Consumer,Fashion,Denim Jeans,5,1599,0.0,7995.0
ORD11419,2025-07-29,East,Consumer,Fashion,Backpack,1,1399,0.2,1119.2
ORD11669,2025-07-29,West,Consumer,Fashion,Denim Jeans,4,1599,0.2,5116.8
ORD12326,2025-07-29,South,Consumer,Fashion,Cotton Kurta,4,899,0.1,3236.4
ORD11473,2025-07-31,West,Corporate,Electronics,Wireless Earbuds,1,2499,0.0,2499.0
ORD10882,2025-07-31,North,Consumer,Electronics,Smartwatch,4,5999,0.0,23996.0
ORD10773,2025-08-01,South,Consumer,Home & Kitchen,Water Bottle,4,499,0.0,1996.0
ORD11964,2025-08-01,West,Consumer,Electronics,Wireless Earbuds,4,2499,0.0,9996.0
ORD11326,2025-08-02,North,Consumer,Home & Kitchen,Pressure Cooker,1,1899,0.1,1709.1
ORD12337,2025-08-02,East,Small Business,Fashion,Running Shoes,3,2799,0.1,7557.3
ORD11972,2025-08-02,West,Consumer,Electronics,Bluetooth Speaker,2,3499,0.1,6298.2
ORD11667,2025-08-02,West,Consumer,Electronics,Wireless Earbuds,2,2499,0.0,4998.0
ORD10682,2025-08-03,South,Consumer,Home & Kitchen,Non-stick Pan,3,1199,0.0,3597.0
ORD11193,2025-08-03,West,Consumer,Electronics,Wireless Earbuds,3,2499,0.0,7497.0
ORD10927,2025-08-03,South,Consumer,Books,SQL Basics,3,549,0.0,1647.0
ORD10111,2025-08-03,South,Consumer,Electronics,Bluetooth Speaker,4,3499,0.0,13996.0
ORD12850,2025-08-04,West,Small Business,Fashion,Cotton Kurta,1,899,0.1,809.1
ORD11525,2025-08-04,South,Small Business,Books,SQL Basics,3,549,0.2,1317.6
ORD11325,2025-08-04,South,Consumer,Electronics,Bluetooth Speaker,3,3499,0.0,10497.0
ORD10658,2025-08-04,North,Consumer,Home & Kitchen,Non-stick Pan,1,1199,0.05,1139.05
ORD11349,2025-08-04,North,Consumer,Electronics,Wireless Earbuds,3,2499,0.0,7497.0
ORD12198,2025-08-04,East,Consumer,Fashion,Running Shoes,2,2799,0.2,4478.4
ORD11112,2025-08-04,South,Consumer,Electronics,Bluetooth Speaker,4,3499,0.1,12596.4
ORD12674,2025-08-04,East,Consumer,Fashion,Running Shoes,2,2799,0.05,5318.1
ORD12451,2025-08-05,West,Corporate,Home & Kitchen,Non-stick Pan,1,1199,0.2,959.2
ORD12757,2025-08-05,East,Consumer,Electronics,Smartwatch,2,5999,0.0,11998.0
ORD12814,2025-08-05,South,Consumer,Books,SQL Basics,5,549,0.0,2745.0
ORD12717,2025-08-06,West,Consumer,Books,Finance 101,4,799,0.05,3036.2
ORD10811,2025-08-06,South,Corporate,Books,Finance 101,1,799,0.0,799.0
ORD10579,2025-08-06,West,Consumer,Electronics,Wireless Earbuds,4,2499,0.0,9996.0
ORD11161,2025-08-06,North,Small Business,Fashion,Cotton Kurta,4,899,0.05,3416.2
ORD10836,2025-08-07,North,Consumer,Electronics,Smartwatch,3,5999,0.0,17997.0
ORD10438,2025-08-07,North,Consumer,Fashion,Backpack,3,1399,0.2,3357.6
ORD10965,2025-08-07,West,Consumer,Home & Kitchen,Mixer Grinder,1,3299,0.0,3299.0
ORD12804,2025-08-07,South,Corporate,Electronics,Bluetooth Speaker,5,3499,0.0,17495.0
ORD11983,2025-08-07,East,Consumer,Home & Kitchen,Water Bottle,1,499,0.0,499.0
ORD12583,2025-08-07,North,Consumer,Electronics,Power Bank,5,1299,0.0,6495.0
ORD12784,2025-08-07,East,Small Business,Fashion,Backpack,4,1399,0.2,4476.8
ORD11027,2025-08-07,North,Consumer,Electronics,Smartwatch,1,5999,0.0,5999.0
ORD11197,2025-08-08,North,Corporate,Electronics,Wireless Earbuds,4,2499,0.1,8996.4
ORD11171,2025-08-08,South,Consumer,Electronics,Power Bank,3,1299,0.1,3507.3
ORD12164,2025-08-09,West,Corporate,Books,Novel,4,399,0.0,1596.0
ORD11716,2025-08-09,West,Consumer,Fashion,Denim Jeans,3,1599,0.0,4797.0
ORD10640,2025-08-10,East,Consumer,Home & Kitchen,Mixer Grinder,1,3299,0.0,3299.0
ORD10054,2025-08-10,West,Small Business,Electronics,Smartwatch,5,5999,0.05,28495.25
ORD12627,2025-08-10,North,Consumer,Electronics,Smartwatch,3,5999,0.0,17997.0
ORD12510,2025-08-11,North,Consumer,Fashion,Running Shoes,5,2799,0.0,13995.0
ORD11210,2025-08-11,South,Consumer,Electronics,Bluetooth Speaker,3,3499,0.0,10497.0
ORD10736,2025-08-11,North,Small Business,Electronics,Power Bank,1,1299,0.1,1169.1
ORD10010,2025-08-11,East,Corporate,Fashion,Cotton Kurta,4,899,0.05,3416.2
ORD12963,2025-08-11,West,Corporate,Home & Kitchen,Mixer Grinder,2,3299,0.05,6268.1
ORD10498,2025-08-12,South,Consumer,Home & Kitchen,Water Bottle,1,499,0.0,499.0
ORD11903,2025-08-12,West,Consumer,Electronics,Bluetooth Speaker,2,3499,0.2,5598.4
ORD10472,2025-08-12,East,Small Business,Electronics,Bluetooth Speaker,2,3499,0.05,6648.1
ORD12501,2025-08-13,South,Consumer,Home & Kitchen,Pressure Cooker,5,1899,0.1,8545.5
ORD12702,2025-08-13,East,Corporate,Books,Python Handbook,4,699,0.2,2236.8
ORD10369,2025-08-13,North,Small Business,Electronics,Smartwatch,3,5999,0.0,17997.0
ORD11600,2025-08-13,North,Corporate,Home & Kitchen,Pressure Cooker,2,1899,0.05,3608.1
ORD11303,2025-08-14,East,Consumer,Home & Kitchen,Water Bottle,1,499,0.0,499.0
ORD10743,2025-08-14,West,Small Business,Books,Novel,4,399,0.0,1596.0
ORD10731,2025-08-15,South,Small Business,Home & Kitchen,Non-stick Pan,1,1199,0.05,1139.05
ORD12878,2025-08-15,North,Corporate,Fashion,Cotton Kurta,4,899,0.1,3236.4
ORD12456,2025-08-15,North,Consumer,Electronics,Power Bank,3,1299,0.2,3117.6
ORD12941,2025-08-16,East,Consumer,Fashion,Cotton Kurta,3,899,0.0,2697.0
ORD11746,2025-08-16,North,Consumer,Fashion,Running Shoes,1,2799,0.1,2519.1
ORD12597,2025-08-16,West,Consumer,Home & Kitchen,Pressure Cooker,5,1899,0.0,9495.0
ORD10979,2025-08-16,South,Consumer,Electronics,Power Bank,2,1299,0.1,2338.2
ORD10849,2025-08-17,West,Consumer,Fashion,Backpack,4,1399,0.0,5596.0
ORD10898,2025-08-17,South,Consumer,Fashion,Cotton Kurta,1,899,0.05,854.05
ORD10087,2025-08-17,East,Small Business,Electronics,Power Bank,1,1299,0.0,1299.0
ORD12237,2025-08-17,North,Small Business,Electronics,Smartwatch,5,5999,0.2,23996.0
ORD11559,2025-08-17,North,Corporate,Electronics,Smartwatch,1,5999,0.1,5399.1
ORD12302,2025-08-17,South,Consumer,Electronics,Bluetooth Speaker,3,3499,0.0,10497.0
ORD10140,2025-08-18,East,Small Business,Electronics,Wireless Earbuds,3,2499,0.0,7497.0
ORD11565,2025-08-18,North,Small Business,Home & Kitchen,Water Bottle,3,499,0.0,1497.0
ORD10578,2025-08-18,West,Small Business,Home & Kitchen,Mixer Grinder,2,3299,0.05,6268.1
ORD12763,2025-08-18,South,Corporate,Books,Novel,3,399,0.0,1197.0
ORD10729,2025-08-19,West,Small Business,Fashion,Running Shoes,4,2799,0.2,8956.8
ORD11572,2025-08-19,North,Consumer,Electronics,Bluetooth Speaker,2,3499,0.2,5598.4
ORD11142,2025-08-19,East,Consumer,Electronics,Power Bank,4,1299,0.1,4676.4
ORD11571,2025-08-19,West,Consumer,Books,Novel,5,399,0.05,1895.25
ORD10604,2025-08-19,East,Consumer,Books,Finance 101,2,799,0.0,1598.0
ORD11239,2025-08-20,North,Corporate,Home & Kitchen,Mixer Grinder,5,3299,0.05,15670.25
ORD12728,2025-08-20,West,Small Business,Home & Kitchen,Non-stick Pan,2,1199,0.0,2398.0
ORD12745,2025-08-20,North,Small Business,Home & Kitchen,Mixer Grinder,2,3299,0.1,5938.2
ORD11180,2025-08-21,South,Corporate,Home & Kitchen,Water Bottle,1,499,0.05,474.05
ORD10281,2025-08-21,West,Consumer,Home & Kitchen,Mixer Grinder,4,3299,0.2,10556.8
ORD12139,2025-08-21,South,Corporate,Home & Kitchen,Mixer Grinder,2,3299,0.1,5938.2
ORD11958,2025-08-21,West,Consumer,Home & Kitchen,Non-stick Pan,1,1199,0.05,1139.05
ORD12929,2025-08-22,West,Consumer,Books,SQL Basics,2,549,0.05,1043.1
ORD12502,2025-08-22,West,Consumer,Electronics,Smartwatch,4,5999,0.0,23996.0
ORD11295,2025-08-22,North,Small Business,Electronics,Smartwatch,3,5999,0.1,16197.3
ORD10644,2025-08-22,North,Consumer,Electronics,Bluetooth Speaker,1,3499,0.05,3324.05
ORD12758,2025-08-22,South,Consumer,Fashion,Backpack,2,1399,0.0,2798.0
ORD12212,2025-08-23,South,Corporate,Home & Kitchen,Water Bottle,2,499,0.2,798.4
ORD11494,2025-08-23,South,Consumer,Books,Finance 101,2,799,0.05,1518.1
ORD12205,2025-08-23,North,Consumer,Electronics,Bluetooth Speaker,2,3499,0.0,6998.0
ORD12799,2025-08-23,North,Consumer,Electronics,Bluetooth Speaker,2,3499,0.1,6298.2
ORD11133,2025-08-23,East,Consumer,Home & Kitchen,Pressure Cooker,5,1899,0.0,9495.0
ORD10657,2025-08-23,East,Corporate,Home & Kitchen,Pressure Cooker,4,1899,0.1,6836.4
ORD12287,2025-08-24,East,Consumer,Books,Python Handbook,2,699,0.0,1398.0
ORD11449,2025-08-24,West,Consumer,Electronics,Bluetooth Speaker,4,3499,0.0,13996.0
ORD11110,2025-08-25,West,Consumer,Home & Kitchen,Mixer Grinder,2,3299,0.0,6598.0
ORD12481,2025-08-26,South,Consumer,Fashion,Cotton Kurta,1,899,0.05,854.05
ORD10345,2025-08-26,North,Consumer,Electronics,Smartwatch,2,5999,0.0,11998.0
ORD10030,2025-08-27,North,Corporate,Home & Kitchen,Pressure Cooker,1,1899,0.05,1804.05
ORD12545,2025-08-27,East,Corporate,Fashion,Running Shoes,1,2799,0.0,2799.0
ORD12601,2025-08-27,South,Consumer,Home & Kitchen,Water Bottle,5,499,0.05,2370.25
ORD10004,2025-08-27,West,Consumer,Home & Kitchen,Mixer Grinder,5,3299,0.0,16495.0
ORD10484,2025-08-27,East,Consumer,Electronics,Power Bank,3,1299,0.2,3117.6
ORD10195,2025-08-27,East,Consumer,Books,Python Handbook,3,699,0.0,2097.0
ORD10519,2025-08-28,East,Corporate,Fashion,Backpack,5,1399,0.1,6295.5
ORD12163,2025-08-28,North,Small Business,Home & Kitchen,Mixer Grinder,5,3299,0.0,16495.0
ORD10809,2025-08-28,West,Consumer,Fashion,Running Shoes,2,2799,0.2,4478.4
ORD12575,2025-08-28,South,Consumer,Home & Kitchen,Pressure Cooker,4,1899,0.05,7216.2
ORD12670,2025-08-28,North,Consumer,Books,SQL Basics,5,549,0.2,2196.0
ORD10236,2025-08-28,North,Consumer,Electronics,Bluetooth Speaker,4,3499,0.0,13996.0
ORD11350,2025-08-30,South,Consumer,Electronics,Bluetooth Speaker,1,3499,0.0,3499.0
ORD11333,2025-08-30,East,Consumer,Home & Kitchen,Pressure Cooker,2,1899,0.0,3798.0
ORD12338,2025-08-30,North,Corporate,Electronics,Bluetooth Speaker,2,3499,0.1,6298.2
ORD11644,2025-08-31,North,Small Business,Books,Python Handbook,1,699,0.0,699.0
ORD11359,2025-08-31,East,Corporate,Books,Novel,4,399,0.0,1596.0
ORD12882,2025-08-31,North,Small Business,Fashion,Running Shoes,5,2799,0.0,13995.0
ORD11134,2025-08-31,North,Consumer,Fashion,Denim Jeans,1,1599,0.2,1279.2
ORD11348,2025-09-01,North,Consumer,Fashion,Running Shoes,3,2799,0.0,8397.0
ORD10669,2025-09-01,North,Consumer,Fashion,Backpack,5,1399,0.0,6995.0
ORD11121,2025-09-01,South,Small Business,Fashion,Cotton Kurta,4,899,0.05,3416.2
ORD11856,2025-09-01,South,Consumer,Home & Kitchen,Water Bottle,3,499,0.2,1197.6
ORD12292,2025-09-01,East,Consumer,Home & Kitchen,Mixer Grinder,3,3299,0.1,8907.3
ORD12061,2025-09-02,West,Small Business,Home & Kitchen,Pressure Cooker,3,1899,0.1,5127.3
ORD10280,2025-09-02,North,Small Business,Electronics,Power Bank,2,1299,0.0,2598.0
ORD12827,2025-09-02,South,Consumer,Electronics,Bluetooth Speaker,2,3499,0.0,6998.0
ORD12309,2025-09-03,South,Consumer,Fashion,Backpack,2,1399,0.0,2798.0
ORD11582,2025-09-03,North,Corporate,Fashion,Backpack,3,1399,0.0,4197.0
ORD11528,2025-09-03,East,Consumer,Home & Kitchen,Water Bottle,2,499,0.2,798.4
ORD11919,2025-09-04,East,Consumer,Books,SQL Basics,2,549,0.1,988.2
ORD12253,2025-09-04,North,Consumer,Electronics,Power Bank,4,1299,0.0,5196.0
ORD11017,2025-09-04,South,Consumer,Electronics,Wireless Earbuds,1,2499,0.05,2374.05
ORD11377,2025-09-04,West,Consumer,Fashion,Denim Jeans,4,1599,0.0,6396.0
ORD12564,2025-09-04,West,Small Business,Fashion,Backpack,5,1399,0.0,6995.0
ORD11218,2025-09-05,West,Consumer,Home & Kitchen,Non-stick Pan,1,1199,0.0,1199.0
ORD11545,2025-09-05,North,Corporate,Electronics,Bluetooth Speaker,4,3499,0.0,13996.0
ORD12557,2025-09-05,South,Consumer,Fashion,Backpack,4,1399,0.0,5596.0
ORD12199,2025-09-05,North,Consumer,Fashion,Cotton Kurta,2,899,0.2,1438.4
ORD11240,2025-09-07,South,Corporate,Fashion,Cotton Kurta,3,899,0.2,2157.6
ORD10455,2025-09-07,North,Consumer,Electronics,Wireless Earbuds,1,2499,0.0,2499.0
ORD10009,2025-09-07,North,Consumer,Electronics,Smartwatch,2,5999,0.1,10798.2
ORD12965,2025-09-08,South,Corporate,Home & Kitchen,Water Bottle,3,499,0.05,1422.15
ORD12507,2025-09-08,West,Consumer,Electronics,Bluetooth Speaker,3,3499,0.0,10497.0
ORD12305,2025-09-08,North,Consumer,Fashion,Cotton Kurta,3,899,0.05,2562.15
ORD11158,2025-09-08,North,Corporate,Home & Kitchen,Pressure Cooker,3,1899,0.05,5412.15
ORD12299,2025-09-09,North,Corporate,Electronics,Smartwatch,3,5999,0.0,17997.0
ORD11794,2025-09-10,West,Small Business,Fashion,Backpack,5,1399,0.05,6645.25
ORD10085,2025-09-10,North,Consumer,Fashion,Denim Jeans,3,1599,0.0,4797.0
ORD11681,2025-09-10,South,Corporate,Home & Kitchen,Pressure Cooker,5,1899,0.1,8545.5
ORD10837,2025-09-10,West,Small Business,Home & Kitchen,Water Bottle,5,499,0.2,1996.0
ORD11431,2025-09-10,East,Corporate,Fashion,Denim Jeans,1,1599,0.0,1599.0
ORD10786,2025-09-10,East,Consumer,Electronics,Smartwatch,1,5999,0.0,5999.0
ORD12949,2025-09-11,West,Consumer,Electronics,Power Bank,2,1299,0.0,2598.0
ORD12271,2025-09-11,East,Consumer,Home & Kitchen,Water Bottle,2,499,0.0,998.0
ORD11278,2025-09-11,West,Consumer,Home & Kitchen,Mixer Grinder,2,3299,0.0,6598.0
ORD11159,2025-09-11,North,Corporate,Electronics,Wireless Earbuds,5,2499,0.0,12495.0
ORD11738,2025-09-12,East,Consumer,Electronics,Smartwatch,3,5999,0.05,17097.15
ORD11081,2025-09-12,East,Small Business,Home & Kitchen,Mixer Grinder,4,3299,0.0,13196.0
ORD12917,2025-09-12,West,Consumer,Books,Novel,3,399,0.1,1077.3
ORD11054,2025-09-12,West,Consumer,Books,Python Handbook,3,699,0.2,1677.6
ORD12142,2025-09-13,South,Corporate,Electronics,Wireless Earbuds,2,2499,0.1,4498.2
ORD11753,2025-09-13,South,Consumer,Home & Kitchen,Pressure Cooker,2,1899,0.05,3608.1
ORD10480,2025-09-13,East,Corporate,Home & Kitchen,Water Bottle,2,499,0.05,948.1
ORD10549,2025-09-13,West,Consumer,Fashion,Running Shoes,4,2799,0.1,10076.4
ORD11512,2025-09-13,South,Consumer,Home & Kitchen,Pressure Cooker,4,1899,0.05,7216.2
ORD10698,2025-09-14,West,Consumer,Electronics,Wireless Earbuds,3,2499,0.0,7497.0
ORD11403,2025-09-14,South,Corporate,Fashion,Backpack,1,1399,0.2,1119.2
ORD12854,2025-09-14,East,Corporate,Books,Novel,1,399,0.2,319.2
ORD10113,2025-09-14,South,Consumer,Home & Kitchen,Mixer Grinder,5,3299,0.0,16495.0
ORD12781,2025-09-14,East,Corporate,Home & Kitchen,Non-stick Pan,1,1199,0.0,1199.0
ORD12667,2025-09-15,East,Corporate,Electronics,Smartwatch,4,5999,0.0,23996.0
ORD11521,2025-09-15,West,Consumer,Electronics,Smartwatch,4,5999,0.0,23996.0
ORD10912,2025-09-15,North,Consumer,Fashion,Running Shoes,1,2799,0.0,2799.0
ORD11697,2025-09-16,West,Consumer,Books,SQL Basics,2,549,0.0,1098.0
ORD11464,2025-09-16,East,Corporate,Electronics,Power Bank,4,1299,0.0,5196.0
ORD10573,2025-09-16,East,Consumer,Books,Finance 101,1,799,0.2,639.2
ORD11533,2025-09-16,East,Consumer,Home & Kitchen,Mixer Grinder,5,3299,0.05,15670.25
ORD12170,2025-09-17,South,Consumer,Fashion,Denim Jeans,2,1599,0.2,2558.4
ORD11730,2025-09-17,East,Consumer,Home & Kitchen,Pressure Cooker,3,1899,0.0,5697.0
ORD12091,2025-09-17,East,Consumer,Electronics,Bluetooth Speaker,5,3499,0.0,17495.0
ORD11455,2025-09-17,South,Consumer,Electronics,Power Bank,5,1299,0.0,6495.0
ORD11767,2025-09-17,East,Corporate,Fashion,Denim Jeans,5,1599,0.1,7195.5
ORD12951,2025-09-18,North,Consumer,Electronics,Power Bank,5,1299,0.05,6170.25
ORD12868,2025-09-18,East,Corporate,Electronics,Bluetooth Speaker,2,3499,0.0,6998.0
ORD11182,2025-09-18,North,Consumer,Electronics,Wireless Earbuds,4,2499,0.05,9496.2
ORD12285,2025-09-18,West,Consumer,Electronics,Bluetooth Speaker,2,3499,0.05,6648.1
ORD10423,2025-09-18,North,Consumer,Home & Kitchen,Non-stick Pan,1,1199,0.05,1139.05
ORD11241,2025-09-19,North,Corporate,Fashion,Cotton Kurta,1,899,0.2,719.2
ORD12836,2025-09-19,South,Small Business,Electronics,Wireless Earbuds,5,2499,0.1,11245.5
ORD12515,2025-09-19,East,Consumer,Fashion,Backpack,1,1399,0.0,1399.0
ORD10506,2025-09-19,North,Consumer,Electronics,Smartwatch,5,5999,0.0,29995.0
ORD12422,2025-09-19,East,Consumer,Electronics,Smartwatch,1,5999,0.0,5999.0
ORD12777,2025-09-19,South,Consumer,Electronics,Bluetooth Speaker,3,3499,0.0,10497.0
ORD10595,2025-09-20,North,Small Business,Fashion,Running Shoes,1,2799,0.0,2799.0
ORD11853,2025-09-20,North,Consumer,Fashion,Denim Jeans,3,1599,0.0,4797.0
ORD12037,2025-09-21,South,Corporate,Home & Kitchen,Water Bottle,3,499,0.1,1347.3
ORD10206,2025-09-21,North,Corporate,Electronics,Bluetooth Speaker,2,3499,0.1,6298.2
ORD10066,2025-09-21,West,Consumer,Electronics,Power Bank,4,1299,0.05,4936.2
ORD12107,2025-09-21,East,Consumer,Home & Kitchen,Pressure Cooker,5,1899,0.0,9495.0
ORD12948,2025-09-21,West,Consumer,Electronics,Bluetooth Speaker,3,3499,0.0,10497.0
ORD10229,2025-09-21,East,Consumer,Fashion,Cotton Kurta,1,899,0.0,899.0
ORD11031,2025-09-21,North,Corporate,Home & Kitchen,Water Bottle,3,499,0.0,1497.0
ORD12329,2025-09-21,West,Corporate,Fashion,Backpack,1,1399,0.05,1329.05
ORD11554,2025-09-22,West,Corporate,Home & Kitchen,Pressure Cooker,4,1899,0.05,7216.2
ORD12220,2025-09-22,West,Consumer,Books,Novel,3,399,0.0,1197.0
ORD10146,2025-09-22,West,Corporate,Home & Kitchen,Mixer Grinder,2,3299,0.0,6598.0
ORD10284,2025-09-22,South,Consumer,Fashion,Denim Jeans,4,1599,0.2,5116.8
ORD12652,2025-09-23,North,Consumer,Fashion,Running Shoes,1,2799,0.0,2799.0
ORD11117,2025-09-23,North,Consumer,Home & Kitchen,Mixer Grinder,5,3299,0.0,16495.0
ORD12909,2025-09-23,West,Corporate,Home & Kitchen,Mixer Grinder,4,3299,0.0,13196.0
ORD11735,2025-09-23,East,Corporate,Books,Python Handbook,2,699,0.0,1398.0
ORD10149,2025-09-23,North,Small Business,Electronics,Power Bank,4,1299,0.0,5196.0
ORD10485,2025-09-23,North,Consumer,Home & Kitchen,Pressure Cooker,1,1899,0.1,1709.1
ORD12888,2025-09-23,North,Consumer,Fashion,Running Shoes,2,2799,0.0,5598.0
ORD10771,2025-09-24,North,Consumer,Electronics,Bluetooth Speaker,2,3499,0.2,5598.4
ORD12552,2025-09-24,North,Corporate,Fashion,Cotton Kurta,5,899,0.0,4495.0
ORD12846,2025-09-24,North,Consumer,Electronics,Bluetooth Speaker,5,3499,0.0,17495.0
ORD10339,2025-09-24,North,Small Business,Books,Novel,1,399,0.0,399.0
ORD11434,2025-09-24,West,Consumer,Home & Kitchen,Mixer Grinder,2,3299,0.0,6598.0
ORD12876,2025-09-24,West,Consumer,Books,Finance 101,2,799,0.1,1438.2
ORD11685,2025-09-25,East,Corporate,Home & Kitchen,Water Bottle,5,499,0.2,1996.0
ORD10665,2025-09-25,West,Consumer,Electronics,Power Bank,4,1299,0.2,4156.8
ORD11273,2025-09-25,North,Corporate,Books,Finance 101,3,799,0.05,2277.15
ORD12611,2025-09-25,South,Consumer,Home & Kitchen,Non-stick Pan,5,1199,0.2,4796.0
ORD12946,2025-09-25,East,Consumer,Home & Kitchen,Pressure Cooker,2,1899,0.2,3038.4
ORD12112,2025-09-26,West,Corporate,Fashion,Running Shoes,4,2799,0.0,11196.0
ORD11402,2025-09-26,South,Consumer,Electronics,Bluetooth Speaker,3,3499,0.2,8397.6
ORD12122,2025-09-27,West,Consumer,Electronics,Bluetooth Speaker,1,3499,0.0,3499.0
ORD11164,2025-09-27,South,Consumer,Electronics,Wireless Earbuds,4,2499,0.1,8996.4
ORD12926,2025-09-27,North,Corporate,Fashion,Running Shoes,5,2799,0.05,13295.25
ORD11094,2025-09-27,North,Consumer,Electronics,Wireless Earbuds,3,2499,0.2,5997.6
ORD12386,2025-09-27,North,Consumer,Fashion,Cotton Kurta,1,899,0.05,854.05
ORD12143,2025-09-28,North,Consumer,Books,SQL Basics,2,549,0.0,1098.0
ORD12851,2025-09-28,North,Consumer,Fashion,Running Shoes,2,2799,0.2,4478.4
ORD12242,2025-09-28,West,Consumer,Fashion,Running Shoes,1,2799,0.0,2799.0
ORD12477,2025-09-28,South,Corporate,Fashion,Backpack,4,1399,0.1,5036.4
ORD11772,2025-09-28,South,Corporate,Fashion,Denim Jeans,4,1599,0.0,6396.0
ORD11136,2025-09-28,South,Small Business,Books,Python Handbook,5,699,0.2,2796.0
ORD10270,2025-09-29,West,Small Business,Home & Kitchen,Pressure Cooker,1,1899,0.0,1899.0
ORD12678,2025-09-29,East,Consumer,Books,SQL Basics,1,549,0.2,439.2
ORD12620,2025-09-29,East,Consumer,Fashion,Cotton Kurta,4,899,0.2,2876.8
ORD11592,2025-09-30,North,Consumer,Electronics,Bluetooth Speaker,1,3499,0.2,2799.2
ORD10978,2025-09-30,West,Small Business,Home & Kitchen,Water Bottle,2,499,0.1,898.2
ORD11757,2025-09-30,West,Corporate,Electronics,Power Bank,1,1299,0.0,1299.0
ORD12812,2025-10-01,South,Small Business,Electronics,Wireless Earbuds,5,2499,0.0,12495.0
ORD10921,2025-10-01,South,Consumer,Fashion,Running Shoes,7,2799,0.2,15674.4
ORD12086,2025-10-01,West,Corporate,Electronics,Smartwatch,5,5999,0.2,23996.0
ORD12704,2025-10-01,South,Small Business,Electronics,Power Bank,6,1299,0.05,7404.3
ORD11543,2025-10-02,South,Consumer,Home & Kitchen,Water Bottle,1,499,0.0,499.0
ORD12943,2025-10-02,South,Corporate,Electronics,Bluetooth Speaker,3,3499,0.2,8397.6
ORD10888,2025-10-03,West,Consumer,Electronics,Power Bank,6,1299,0.0,7794.0
ORD12427,2025-10-03,West,Consumer,Fashion,Denim Jeans,3,1599,0.2,3837.6
ORD12506,2025-10-03,North,Small Business,Electronics,Wireless Earbuds,6,2499,0.2,11995.2
ORD11166,2025-10-03,North,Consumer,Electronics,Bluetooth Speaker,4,3499,0.0,13996.0
ORD11426,2025-10-04,West,Corporate,Fashion,Denim Jeans,5,1599,0.05,7595.25
ORD10477,2025-10-04,East,Corporate,Electronics,Power Bank,7,1299,0.0,9093.0
ORD10952,2025-10-04,North,Corporate,Home & Kitchen,Pressure Cooker,2,1899,0.0,3798.0
ORD11437,2025-10-04,North,Consumer,Home & Kitchen,Mixer Grinder,4,3299,0.1,11876.4
ORD10260,2025-10-04,South,Consumer,Electronics,Power Bank,2,1299,0.1,2338.2
ORD12880,2025-10-05,West,Consumer,Fashion,Running Shoes,4,2799,0.0,11196.0
ORD12655,2025-10-05,North,Consumer,Fashion,Denim Jeans,5,1599,0.05,7595.25
ORD12457,2025-10-05,East,Small Business,Electronics,Power Bank,6,1299,0.1,7014.6
ORD10168,2025-10-05,East,Corporate,Fashion,Denim Jeans,5,1599,0.0,7995.0
ORD10348,2025-10-06,South,Consumer,Fashion,Running Shoes,5,2799,0.0,13995.0
ORD12834,2025-10-06,North,Consumer,Home & Kitchen,Mixer Grinder,4,3299,0.0,13196.0
ORD11412,2025-10-06,South,Corporate,Books,Novel,4,399,0.0,1596.0
ORD11016,2025-10-06,North,Consumer,Fashion,Running Shoes,7,2799,0.1,17633.7
ORD11365,2025-10-06,South,Consumer,Electronics,Power Bank,6,1299,0.0,7794.0
ORD11673,2025-10-06,North,Small Business,Fashion,Denim Jeans,3,1599,0.0,4797.0
ORD12622,2025-10-06,South,Consumer,Home & Kitchen,Pressure Cooker,3,1899,0.0,5697.0
ORD11126,2025-10-06,West,Corporate,Books,SQL Basics,2,549,0.0,1098.0
ORD11311,2025-10-07,South,Consumer,Electronics,Power Bank,7,1299,0.1,8183.7
ORD12531,2025-10-07,North,Consumer,Electronics,Smartwatch,3,5999,0.2,14397.6
ORD12346,2025-10-08,East,Corporate,Electronics,Wireless Earbuds,5,2499,0.0,12495.0
ORD10826,2025-10-08,East,Corporate,Electronics,Wireless Earbuds,8,2499,0.0,19992.0
ORD10956,2025-10-09,North,Consumer,Fashion,Backpack,3,1399,0.0,4197.0
ORD10464,2025-10-09,South,Consumer,Electronics,Bluetooth Speaker,3,3499,0.0,10497.0
ORD11598,2025-10-09,East,Corporate,Books,Python Handbook,2,699,0.0,1398.0
ORD12957,2025-10-09,West,Consumer,Electronics,Bluetooth Speaker,5,3499,0.0,17495.0
ORD10205,2025-10-10,North,Corporate,Electronics,Smartwatch,4,5999,0.2,19196.8
ORD10654,2025-10-10,North,Consumer,Electronics,Power Bank,4,1299,0.0,5196.0
ORD11312,2025-10-10,South,Corporate,Home & Kitchen,Non-stick Pan,3,1199,0.05,3417.15
ORD12733,2025-10-10,South,Consumer,Fashion,Running Shoes,3,2799,0.0,8397.0
ORD11534,2025-10-11,West,Consumer,Home & Kitchen,Non-stick Pan,2,1199,0.2,1918.4
ORD10344,2025-10-11,West,Small Business,Home & Kitchen,Mixer Grinder,2,3299,0.2,5278.4
ORD10245,2025-10-11,North,Small Business,Electronics,Wireless Earbuds,2,2499,0.05,4748.1
ORD12471,2025-10-11,South,Consumer,Books,Finance 101,5,799,0.05,3795.25
ORD12447,2025-10-11,North,Consumer,Fashion,Running Shoes,4,2799,0.0,11196.0
ORD12381,2025-10-12,East,Consumer,Fashion,Running Shoes,3,2799,0.2,6717.6
ORD11706,2025-10-12,East,Corporate,Books,SQL Basics,2,549,0.0,1098.0
ORD10036,2025-10-13,South,Consumer,Electronics,Wireless Earbuds,5,2499,0.05,11870.25
ORD12982,2025-10-13,North,Consumer,Fashion,Cotton Kurta,2,899,0.0,1798.0
ORD12999,2025-10-13,West,Consumer,Electronics,Smartwatch,5,5999,0.0,29995.0
ORD12617,2025-10-13,South,Consumer,Books,Novel,3,399,0.0,1197.0
ORD11314,2025-10-13,West,Consumer,Fashion,Cotton Kurta,6,899,0.05,5124.3
ORD10858,2025-10-13,East,Consumer,Fashion,Backpack,3,1399,0.0,4197.0
ORD10242,2025-10-14,North,Small Business,Electronics,Wireless Earbuds,2,2499,0.05,4748.1
ORD10536,2025-10-14,South,Consumer,Home & Kitchen,Mixer Grinder,4,3299,0.0,13196.0
ORD10005,2025-10-14,East,Corporate,Home & Kitchen,Pressure Cooker,3,1899,0.0,5697.0
ORD10240,2025-10-15,West,Consumer,Books,Python Handbook,6,699,0.0,4194.0
ORD10879,2025-10-16,North,Consumer,Books,Python Handbook,6,699,0.0,4194.0
ORD10128,2025-10-16,North,Consumer,Fashion,Denim Jeans,5,1599,0.2,6396.0
ORD11603,2025-10-16,West,Corporate,Home & Kitchen,Mixer Grinder,4,3299,0.1,11876.4
ORD12390,2025-10-16,West,Consumer,Home & Kitchen,Mixer Grinder,3,3299,0.0,9897.0
ORD11418,2025-10-17,East,Corporate,Fashion,Cotton Kurta,5,899,0.2,3596.0
ORD10843,2025-10-17,North,Consumer,Electronics,Power Bank,8,1299,0.05,9872.4
ORD12111,2025-10-17,South,Consumer,Fashion,Backpack,7,1399,0.0,9793.0
ORD12177,2025-10-18,West,Consumer,Home & Kitchen,Non-stick Pan,6,1199,0.0,7194.0
ORD11139,2025-10-18,East,Consumer,Fashion,Backpack,6,1399,0.05,7974.3
ORD11293,2025-10-18,South,Corporate,Fashion,Denim Jeans,3,1599,0.0,4797.0
ORD12391,2025-10-18,East,Consumer,Fashion,Denim Jeans,2,1599,0.2,2558.4
ORD10278,2025-10-19,South,Consumer,Home & Kitchen,Pressure Cooker,6,1899,0.0,11394.0
ORD11822,2025-10-19,West,Consumer,Books,SQL Basics,3,549,0.1,1482.3
ORD12151,2025-10-19,West,Corporate,Fashion,Cotton Kurta,6,899,0.2,4315.2
ORD10411,2025-10-19,East,Consumer,Home & Kitchen,Water Bottle,4,499,0.0,1996.0
ORD12071,2025-10-19,North,Consumer,Electronics,Power Bank,6,1299,0.0,7794.0
ORD10688,2025-10-20,East,Consumer,Home & Kitchen,Pressure Cooker,2,1899,0.05,3608.1
ORD12540,2025-10-21,West,Consumer,Electronics,Bluetooth Speaker,5,3499,0.0,17495.0
ORD12732,2025-10-21,South,Consumer,Books,Python Handbook,6,699,0.0,4194.0
ORD10022,2025-10-21,West,Corporate,Electronics,Bluetooth Speaker,5,3499,0.0,17495.0
ORD12663,2025-10-21,North,Consumer,Electronics,Bluetooth Speaker,6,3499,0.0,20994.0
ORD10608,2025-10-21,North,Small Business,Electronics,Wireless Earbuds,3,2499,0.05,7122.15
ORD11501,2025-10-21,South,Consumer,Home & Kitchen,Water Bottle,7,499,0.2,2794.4
ORD10400,2025-10-22,West,Consumer,Fashion,Running Shoes,5,2799,0.0,13995.0
ORD11570,2025-10-22,West,Consumer,Books,SQL Basics,6,549,0.2,2635.2
ORD11908,2025-10-22,North,Consumer,Home & Kitchen,Water Bottle,6,499,0.0,2994.0
ORD11053,2025-10-23,East,Consumer,Home & Kitchen,Water Bottle,3,499,0.1,1347.3
ORD11868,2025-10-23,North,Consumer,Books,SQL Basics,5,549,0.0,2745.0
ORD12577,2025-10-24,West,Consumer,Fashion,Running Shoes,2,2799,0.05,5318.1
ORD11804,2025-10-24,North,Consumer,Electronics,Wireless Earbuds,2,2499,0.0,4998.0
ORD12001,2025-10-24,West,Consumer,Electronics,Smartwatch,6,5999,0.0,35994.0
ORD10109,2025-10-25,South,Consumer,Electronics,Wireless Earbuds,6,2499,0.05,14244.3
ORD10126,2025-10-25,South,Corporate,Fashion,Cotton Kurta,5,899,0.0,4495.0
ORD10818,2025-10-25,West,Consumer,Electronics,Power Bank,5,1299,0.0,6495.0
ORD11140,2025-10-25,South,Consumer,Home & Kitchen,Non-stick Pan,6,1199,0.1,6474.6
ORD10684,2025-10-26,South,Corporate,Home & Kitchen,Pressure Cooker,4,1899,0.2,6076.8
ORD11914,2025-10-26,West,Consumer,Electronics,Bluetooth Speaker,3,3499,0.0,10497.0
ORD10083,2025-10-27,West,Consumer,Electronics,Wireless Earbuds,4,2499,0.05,9496.2
ORD11304,2025-10-27,North,Small Business,Electronics,Smartwatch,6,5999,0.1,32394.6
ORD11553,2025-10-27,North,Small Business,Home & Kitchen,Non-stick Pan,5,1199,0.05,5695.25
ORD10303,2025-10-27,South,Consumer,Electronics,Bluetooth Speaker,2,3499,0.0,6998.0
ORD11479,2025-10-27,South,Consumer,Electronics,Smartwatch,5,5999,0.05,28495.25
ORD10718,2025-10-27,North,Consumer,Electronics,Smartwatch,5,5999,0.2,23996.0
ORD12089,2025-10-27,South,Corporate,Home & Kitchen,Pressure Cooker,6,1899,0.05,10824.3
ORD11684,2025-10-27,North,Consumer,Electronics,Bluetooth Speaker,3,3499,0.2,8397.6
ORD10521,2025-10-27,North,Corporate,Home & Kitchen,Non-stick Pan,5,1199,0.05,5695.25
ORD10352,2025-10-27,East,Corporate,Electronics,Smartwatch,4,5999,0.05,22796.2
ORD10443,2025-10-27,South,Consumer,Home & Kitchen,Non-stick Pan,6,1199,0.2,5755.2
ORD12052,2025-10-27,South,Consumer,Electronics,Power Bank,7,1299,0.05,8638.35
ORD12843,2025-10-28,North,Consumer,Fashion,Denim Jeans,4,1599,0.0,6396.0
ORD10407,2025-10-28,South,Consumer,Electronics,Bluetooth Speaker,5,3499,0.0,17495.0
ORD12210,2025-10-29,West,Consumer,Fashion,Running Shoes,6,2799,0.05,15954.3
ORD12054,2025-10-29,East,Consumer,Electronics,Power Bank,2,1299,0.2,2078.4
ORD11765,2025-10-29,North,Consumer,Home & Kitchen,Non-stick Pan,8,1199,0.0,9592.0
ORD12783,2025-10-29,North,Consumer,Electronics,Smartwatch,4,5999,0.2,19196.8
ORD12330,2025-10-29,West,Consumer,Home & Kitchen,Pressure Cooker,5,1899,0.0,9495.0
ORD10705,2025-10-30,West,Consumer,Home & Kitchen,Water Bottle,5,499,0.0,2495.0
ORD12270,2025-10-30,South,Corporate,Electronics,Bluetooth Speaker,3,3499,0.1,9447.3
ORD11769,2025-10-30,West,Corporate,Electronics,Wireless Earbuds,5,2499,0.0,12495.0
ORD11318,2025-10-30,South,Consumer,Fashion,Cotton Kurta,6,899,0.0,5394.0
ORD11450,2025-10-30,South,Consumer,Fashion,Backpack,3,1399,0.1,3777.3
ORD10827,2025-10-31,North,Corporate,Electronics,Bluetooth Speaker,4,3499,0.05,13296.2
ORD11874,2025-10-31,South,Consumer,Home & Kitchen,Non-stick Pan,4,1199,0.05,4556.2
ORD10274,2025-10-31,South,Consumer,Home & Kitchen,Non-stick Pan,1,1199,0.2,959.2
ORD10941,2025-10-31,North,Corporate,Fashion,Cotton Kurta,4,899,0.1,3236.4
ORD10115,2025-11-01,West,Consumer,Electronics,Smartwatch,2,5999,0.0,11998.0
ORD10015,2025-11-01,East,Consumer,Fashion,Running Shoes,3,2799,0.05,7977.15
ORD10982,2025-11-01,North,Corporate,Home & Kitchen,Mixer Grinder,6,3299,0.05,18804.3
ORD12069,2025-11-02,West,Corporate,Fashion,Running Shoes,4,2799,0.2,8956.8
ORD12891,2025-11-02,East,Consumer,Home & Kitchen,Pressure Cooker,7,1899,0.0,13293.0
ORD10957,2025-11-02,East,Consumer,Home & Kitchen,Water Bottle,3,499,0.05,1422.15
ORD10867,2025-11-02,East,Consumer,Electronics,Smartwatch,4,5999,0.0,23996.0
ORD12077,2025-11-02,West,Consumer,Fashion,Backpack,4,1399,0.2,4476.8
ORD10981,2025-11-03,East,Consumer,Fashion,Running Shoes,5,2799,0.0,13995.0
ORD12889,2025-11-03,North,Corporate,Fashion,Cotton Kurta,6,899,0.2,4315.2
ORD12431,2025-11-03,North,Corporate,Books,Novel,2,399,0.0,798.0
ORD10106,2025-11-03,North,Consumer,Home & Kitchen,Non-stick Pan,5,1199,0.1,5395.5
ORD11557,2025-11-03,West,Consumer,Books,Novel,7,399,0.05,2653.35
ORD12806,2025-11-04,South,Small Business,Fashion,Denim Jeans,5,1599,0.0,7995.0
ORD10893,2025-11-04,South,Consumer,Electronics,Wireless Earbuds,6,2499,0.1,13494.6
ORD11047,2025-11-04,West,Corporate,Books,Finance 101,5,799,0.0,3995.0
ORD12698,2025-11-04,North,Corporate,Fashion,Running Shoes,1,2799,0.05,2659.05
ORD10194,2025-11-04,West,Corporate,Electronics,Wireless Earbuds,6,2499,0.05,14244.3
ORD10257,2025-11-04,South,Consumer,Electronics,Power Bank,4,1299,0.2,4156.8
ORD11997,2025-11-04,West,Consumer,Home & Kitchen,Water Bottle,4,499,0.0,1996.0
ORD11618,2025-11-04,East,Consumer,Fashion,Cotton Kurta,1,899,0.2,719.2
ORD10198,2025-11-04,South,Small Business,Home & Kitchen,Pressure Cooker,6,1899,0.05,10824.3
ORD10534,2025-11-05,East,Corporate,Home & Kitchen,Non-stick Pan,5,1199,0.0,5995.0
ORD12372,2025-11-05,North,Corporate,Books,Novel,3,399,0.05,1137.15
ORD10277,2025-11-05,West,Corporate,Home & Kitchen,Non-stick Pan,4,1199,0.2,3836.8
ORD12542,2025-11-06,North,Consumer,Books,SQL Basics,4,549,0.05,2086.2
ORD10353,2025-11-06,North,Consumer,Fashion,Cotton Kurta,6,899,0.05,5124.3
ORD11221,2025-11-06,South,Consumer,Fashion,Cotton Kurta,3,899,0.0,2697.0
ORD12974,2025-11-06,West,Consumer,Electronics,Wireless Earbuds,3,2499,0.0,7497.0
ORD12665,2025-11-07,West,Consumer,Fashion,Cotton Kurta,1,899,0.0,899.0
ORD12433,2025-11-07,North,Consumer,Electronics,Smartwatch,8,5999,0.0,47992.0
ORD12074,2025-11-07,East,Consumer,Fashion,Denim Jeans,5,1599,0.2,6396.0
ORD11717,2025-11-07,South,Consumer,Electronics,Bluetooth Speaker,2,3499,0.0,6998.0
ORD10248,2025-11-07,West,Consumer,Books,Python Handbook,3,699,0.05,1992.15
ORD11656,2025-11-08,West,Corporate,Electronics,Bluetooth Speaker,1,3499,0.0,3499.0
ORD12873,2025-11-08,West,Consumer,Electronics,Smartwatch,4,5999,0.1,21596.4
ORD12872,2025-11-08,West,Corporate,Fashion,Denim Jeans,4,1599,0.0,6396.0
ORD10421,2025-11-08,North,Corporate,Fashion,Backpack,1,1399,0.0,1399.0
ORD10049,2025-11-08,North,Consumer,Fashion,Running Shoes,8,2799,0.0,22392.0
ORD10252,2025-11-08,South,Corporate,Electronics,Smartwatch,6,5999,0.05,34194.3
ORD12509,2025-11-09,West,Consumer,Electronics,Power Bank,4,1299,0.0,5196.0
ORD12130,2025-11-09,South,Corporate,Home & Kitchen,Water Bottle,4,499,0.0,1996.0
ORD11847,2025-11-09,North,Corporate,Books,SQL Basics,5,549,0.0,2745.0
ORD11676,2025-11-09,West,Consumer,Electronics,Smartwatch,4,5999,0.0,23996.0
ORD10357,2025-11-09,South,Consumer,Fashion,Backpack,4,1399,0.0,5596.0
ORD12859,2025-11-10,West,Corporate,Fashion,Backpack,3,1399,0.05,3987.15
ORD10401,2025-11-10,South,Small Business,Home & Kitchen,Non-stick Pan,5,1199,0.0,5995.0
ORD11024,2025-11-10,West,Consumer,Home & Kitchen,Non-stick Pan,2,1199,0.2,1918.4
ORD11462,2025-11-10,South,Consumer,Fashion,Denim Jeans,4,1599,0.0,6396.0
ORD11443,2025-11-11,West,Consumer,Fashion,Backpack,6,1399,0.0,8394.0
ORD10570,2025-11-11,North,Small Business,Home & Kitchen,Water Bottle,5,499,0.2,1996.0
ORD12196,2025-11-11,West,Consumer,Electronics,Wireless Earbuds,5,2499,0.1,11245.5
ORD12259,2025-11-11,West,Consumer,Electronics,Power Bank,6,1299,0.0,7794.0
ORD12248,2025-11-11,North,Corporate,Electronics,Wireless Earbuds,7,2499,0.05,16618.35
ORD12058,2025-11-11,North,Small Business,Fashion,Backpack,1,1399,0.05,1329.05
ORD11583,2025-11-11,South,Corporate,Books,SQL Basics,4,549,0.1,1976.4
ORD10112,2025-11-11,South,Small Business,Home & Kitchen,Non-stick Pan,6,1199,0.1,6474.6
ORD10629,2025-11-12,South,Consumer,Books,Finance 101,6,799,0.2,3835.2
ORD11410,2025-11-12,South,Consumer,Electronics,Smartwatch,4,5999,0.0,23996.0
ORD12817,2025-11-12,East,Consumer,Fashion,Denim Jeans,3,1599,0.2,3837.6
ORD12972,2025-11-12,West,Consumer,Electronics,Bluetooth Speaker,5,3499,0.2,13996.0
ORD10473,2025-11-12,North,Consumer,Home & Kitchen,Mixer Grinder,6,3299,0.0,19794.0
ORD12615,2025-11-13,East,Corporate,Home & Kitchen,Pressure Cooker,2,1899,0.1,3418.2
ORD12045,2025-11-13,South,Small Business,Fashion,Denim Jeans,3,1599,0.0,4797.0
ORD12497,2025-11-13,West,Consumer,Fashion,Cotton Kurta,5,899,0.1,4045.5
ORD10337,2025-11-14,South,Consumer,Electronics,Bluetooth Speaker,3,3499,0.2,8397.6
ORD12503,2025-11-14,East,Small Business,Fashion,Cotton Kurta,3,899,0.0,2697.0
ORD10289,2025-11-15,South,Consumer,Books,SQL Basics,2,549,0.05,1043.1
ORD11828,2025-11-15,North,Consumer,Fashion,Running Shoes,7,2799,0.0,19593.0
ORD11933,2025-11-15,North,Small Business,Home & Kitchen,Non-stick Pan,5,1199,0.0,5995.0
ORD10211,2025-11-15,South,Consumer,Home & Kitchen,Water Bottle,4,499,0.05,1896.2
ORD12123,2025-11-16,North,Consumer,Books,Python Handbook,2,699,0.05,1328.1
ORD10680,2025-11-16,North,Consumer,Fashion,Running Shoes,4,2799,0.1,10076.4
ORD10500,2025-11-16,West,Consumer,Home & Kitchen,Pressure Cooker,3,1899,0.0,5697.0
ORD12359,2025-11-16,North,Corporate,Electronics,Power Bank,7,1299,0.0,9093.0
ORD11355,2025-11-16,East,Consumer,Electronics,Bluetooth Speaker,5,3499,0.05,16620.25
ORD12650,2025-11-16,East,Corporate,Home & Kitchen,Mixer Grinder,4,3299,0.0,13196.0
ORD12835,2025-11-17,East,Consumer,Electronics,Bluetooth Speaker,7,3499,0.1,22043.7
ORD10439,2025-11-17,South,Consumer,Home & Kitchen,Pressure Cooker,4,1899,0.2,6076.8
ORD11308,2025-11-17,East,Consumer,Electronics,Bluetooth Speaker,6,3499,0.05,19944.3
ORD10626,2025-11-17,North,Consumer,Fashion,Denim Jeans,1,1599,0.05,1519.05
ORD12189,2025-11-18,West,Small Business,Electronics,Wireless Earbuds,3,2499,0.0,7497.0
ORD11663,2025-11-19,West,Small Business,Books,Finance 101,3,799,0.0,2397.0
ORD12159,2025-11-19,North,Consumer,Home & Kitchen,Mixer Grinder,7,3299,0.0,23093.0
ORD10649,2025-11-19,North,Consumer,Books,Python Handbook,5,699,0.0,3495.0
ORD12879,2025-11-20,East,Corporate,Home & Kitchen,Water Bottle,2,499,0.0,998.0
ORD12281,2025-11-20,West,Consumer,Home & Kitchen,Pressure Cooker,6,1899,0.1,10254.6
ORD10165,2025-11-20,North,Small Business,Fashion,Cotton Kurta,4,899,0.0,3596.0
ORD10787,2025-11-21,South,Consumer,Electronics,Bluetooth Speaker,4,3499,0.05,13296.2
ORD11076,2025-11-21,South,Small Business,Electronics,Bluetooth Speaker,2,3499,0.0,6998.0
ORD12639,2025-11-22,West,Small Business,Electronics,Smartwatch,4,5999,0.05,22796.2
ORD12885,2025-11-22,North,Consumer,Electronics,Bluetooth Speaker,1,3499,0.0,3499.0
ORD12156,2025-11-22,North,Consumer,Books,Python Handbook,4,699,0.1,2516.4
ORD12042,2025-11-22,North,Corporate,Electronics,Power Bank,5,1299,0.0,6495.0
ORD12246,2025-11-23,East,Consumer,Home & Kitchen,Non-stick Pan,6,1199,0.2,5755.2
ORD10824,2025-11-23,West,Consumer,Electronics,Smartwatch,5,5999,0.2,23996.0
ORD11391,2025-11-23,South,Corporate,Fashion,Backpack,4,1399,0.0,5596.0
ORD11474,2025-11-23,South,Consumer,Electronics,Wireless Earbuds,7,2499,0.1,15743.7
ORD10792,2025-11-23,South,Corporate,Home & Kitchen,Water Bottle,6,499,0.05,2844.3
ORD12744,2025-11-23,West,Corporate,Fashion,Backpack,7,1399,0.2,7834.4
ORD11617,2025-11-24,North,Consumer,Fashion,Running Shoes,3,2799,0.0,8397.0
ORD11184,2025-11-24,West,Consumer,Electronics,Power Bank,5,1299,0.2,5196.0
ORD10056,2025-11-24,North,Corporate,Electronics,Smartwatch,2,5999,0.2,9598.4
ORD10855,2025-11-25,North,Corporate,Home & Kitchen,Pressure Cooker,7,1899,0.0,13293.0
ORD11067,2025-11-25,East,Consumer,Fashion,Cotton Kurta,2,899,0.0,1798.0
ORD10939,2025-11-25,North,Corporate,Electronics,Wireless Earbuds,4,2499,0.0,9996.0
ORD10766,2025-11-25,North,Consumer,Electronics,Power Bank,2,1299,0.2,2078.4
ORD12955,2025-11-25,North,Consumer,Fashion,Backpack,8,1399,0.0,11192.0
ORD10393,2025-11-27,North,Corporate,Books,Finance 101,4,799,0.0,3196.0
ORD11584,2025-11-27,South,Consumer,Fashion,Backpack,7,1399,0.0,9793.0
ORD11087,2025-11-28,West,Corporate,Fashion,Backpack,6,1399,0.0,8394.0
ORD12523,2025-11-28,South,Consumer,Fashion,Cotton Kurta,3,899,0.0,2697.0
ORD12260,2025-11-28,North,Consumer,Fashion,Backpack,3,1399,0.0,4197.0
ORD10943,2025-11-29,West,Consumer,Electronics,Smartwatch,5,5999,0.2,23996.0
ORD10234,2025-11-29,North,Corporate,Electronics,Bluetooth Speaker,4,3499,0.0,13996.0
ORD10853,2025-11-29,North,Consumer,Home & Kitchen,Mixer Grinder,6,3299,0.2,15835.2
ORD12478,2025-11-30,West,Consumer,Home & Kitchen,Pressure Cooker,7,1899,0.2,10634.4
ORD12780,2025-11-30,West,Consumer,Fashion,Denim Jeans,4,1599,0.05,6076.2
ORD11743,2025-11-30,East,Consumer,Electronics,Bluetooth Speaker,5,3499,0.2,13996.0
ORD12417,2025-11-30,West,Consumer,Electronics,Smartwatch,3,5999,0.1,16197.3
ORD10561,2025-11-30,South,Consumer,Fashion,Running Shoes,2,2799,0.2,4478.4
ORD10478,2025-11-30,North,Consumer,Home & Kitchen,Water Bottle,5,499,0.2,1996.0
ORD11072,2025-11-30,North,Consumer,Home & Kitchen,Non-stick Pan,1,1199,0.0,1199.0
ORD11985,2025-11-30,South,Corporate,Fashion,Backpack,7,1399,0.0,9793.0
ORD12083,2025-12-01,East,Consumer,Electronics,Power Bank,1,1299,0.1,1169.1
ORD11796,2025-12-01,East,Consumer,Electronics,Wireless Earbuds,4,2499,0.0,9996.0
ORD11364,2025-12-01,East,Small Business,Fashion,Denim Jeans,4,1599,0.05,6076.2
ORD10376,2025-12-02,South,Consumer,Home & Kitchen,Non-stick Pan,3,1199,0.0,3597.0
ORD10745,2025-12-02,North,Consumer,Fashion,Cotton Kurta,2,899,0.1,1618.2
ORD11639,2025-12-02,East,Corporate,Home & Kitchen,Mixer Grinder,1,3299,0.0,3299.0
ORD11157,2025-12-02,North,Small Business,Electronics,Smartwatch,1,5999,0.1,5399.1
ORD10135,2025-12-02,South,Small Business,Electronics,Smartwatch,5,5999,0.0,29995.0
ORD10643,2025-12-02,South,Consumer,Fashion,Denim Jeans,4,1599,0.05,6076.2
ORD10735,2025-12-02,North,Small Business,Home & Kitchen,Non-stick Pan,4,1199,0.0,4796.0
ORD10178,2025-12-02,West,Small Business,Electronics,Wireless Earbuds,2,2499,0.0,4998.0
ORD10246,2025-12-04,West,Consumer,Fashion,Backpack,4,1399,0.05,5316.2
ORD10020,2025-12-04,East,Consumer,Electronics,Bluetooth Speaker,5,3499,0.0,17495.0
ORD11811,2025-12-04,South,Consumer,Electronics,Bluetooth Speaker,5,3499,0.2,13996.0
ORD10262,2025-12-04,West,Consumer,Home & Kitchen,Non-stick Pan,1,1199,0.0,1199.0
ORD12229,2025-12-04,North,Consumer,Home & Kitchen,Non-stick Pan,3,1199,0.0,3597.0
ORD12633,2025-12-05,West,Small Business,Home & Kitchen,Non-stick Pan,2,1199,0.2,1918.4
ORD12324,2025-12-05,East,Consumer,Books,Python Handbook,3,699,0.2,1677.6
ORD12278,2025-12-05,West,Small Business,Electronics,Bluetooth Speaker,5,3499,0.0,17495.0
ORD12586,2025-12-05,South,Corporate,Electronics,Wireless Earbuds,4,2499,0.0,9996.0
ORD12754,2025-12-05,North,Corporate,Fashion,Denim Jeans,5,1599,0.0,7995.0
ORD10427,2025-12-06,West,Corporate,Books,SQL Basics,1,549,0.1,494.1
ORD11693,2025-12-07,North,Consumer,Fashion,Cotton Kurta,4,899,0.0,3596.0
ORD11201,2025-12-07,South,Consumer,Home & Kitchen,Non-stick Pan,4,1199,0.05,4556.2
ORD12233,2025-12-07,North,Consumer,Electronics,Smartwatch,1,5999,0.0,5999.0
ORD12455,2025-12-07,East,Corporate,Fashion,Backpack,1,1399,0.1,1259.1
ORD10648,2025-12-07,South,Consumer,Home & Kitchen,Mixer Grinder,1,3299,0.0,3299.0
ORD11541,2025-12-07,North,Corporate,Fashion,Running Shoes,4,2799,0.0,11196.0
ORD12687,2025-12-08,South,Consumer,Home & Kitchen,Non-stick Pan,5,1199,0.1,5395.5
ORD12666,2025-12-08,East,Consumer,Home & Kitchen,Mixer Grinder,5,3299,0.05,15670.25
ORD12647,2025-12-09,South,Consumer,Home & Kitchen,Water Bottle,2,499,0.0,998.0
ORD11896,2025-12-09,West,Corporate,Fashion,Running Shoes,1,2799,0.2,2239.2
ORD11374,2025-12-09,East,Consumer,Fashion,Backpack,2,1399,0.2,2238.4
ORD11845,2025-12-09,North,Consumer,Books,Python Handbook,1,699,0.0,699.0
ORD11564,2025-12-09,North,Corporate,Fashion,Denim Jeans,2,1599,0.2,2558.4
ORD11175,2025-12-09,South,Consumer,Electronics,Bluetooth Speaker,1,3499,0.0,3499.0
ORD10631,2025-12-10,East,Consumer,Home & Kitchen,Non-stick Pan,4,1199,0.0,4796.0
ORD11635,2025-12-10,South,Small Business,Electronics,Wireless Earbuds,2,2499,0.2,3998.4
ORD12290,2025-12-10,North,Consumer,Home & Kitchen,Mixer Grinder,4,3299,0.0,13196.0
ORD11754,2025-12-10,West,Corporate,Home & Kitchen,Pressure Cooker,5,1899,0.0,9495.0
ORD12446,2025-12-10,North,Consumer,Home & Kitchen,Water Bottle,5,499,0.0,2495.0
ORD10691,2025-12-10,West,Consumer,Fashion,Backpack,1,1399,0.0,1399.0
ORD10387,2025-12-10,West,Corporate,Electronics,Wireless Earbuds,4,2499,0.0,9996.0
ORD12469,2025-12-11,South,Consumer,Home & Kitchen,Water Bottle,3,499,0.2,1197.6
ORD12051,2025-12-12,West,Consumer,Home & Kitchen,Water Bottle,3,499,0.0,1497.0
ORD10701,2025-12-12,West,Consumer,Home & Kitchen,Water Bottle,5,499,0.0,2495.0
ORD11562,2025-12-12,South,Consumer,Home & Kitchen,Mixer Grinder,1,3299,0.1,2969.1
ORD11862,2025-12-12,North,Consumer,Electronics,Wireless Earbuds,1,2499,0.0,2499.0
ORD11107,2025-12-12,East,Consumer,Electronics,Smartwatch,5,5999,0.0,29995.0
ORD12805,2025-12-13,North,Corporate,Fashion,Denim Jeans,3,1599,0.0,4797.0
ORD10569,2025-12-13,North,Small Business,Home & Kitchen,Mixer Grinder,2,3299,0.0,6598.0
ORD11028,2025-12-13,South,Corporate,Books,Novel,2,399,0.0,798.0
ORD11276,2025-12-13,North,Corporate,Fashion,Running Shoes,1,2799,0.0,2799.0
ORD12190,2025-12-13,North,Consumer,Fashion,Denim Jeans,5,1599,0.0,7995.0
ORD10474,2025-12-14,North,Consumer,Electronics,Power Bank,5,1299,0.2,5196.0
ORD10371,2025-12-14,North,Consumer,Electronics,Smartwatch,2,5999,0.05,11398.1
ORD11356,2025-12-14,North,Small Business,Electronics,Wireless Earbuds,2,2499,0.0,4998.0
ORD11854,2025-12-14,West,Consumer,Home & Kitchen,Pressure Cooker,2,1899,0.0,3798.0
ORD11607,2025-12-14,South,Consumer,Books,Finance 101,4,799,0.0,3196.0
ORD11863,2025-12-14,East,Consumer,Fashion,Backpack,3,1399,0.05,3987.15
ORD12339,2025-12-15,East,Corporate,Electronics,Smartwatch,3,5999,0.0,17997.0
ORD12944,2025-12-15,West,Corporate,Home & Kitchen,Non-stick Pan,4,1199,0.1,4316.4
ORD12243,2025-12-15,South,Corporate,Electronics,Smartwatch,1,5999,0.2,4799.2
ORD12987,2025-12-15,North,Consumer,Fashion,Denim Jeans,2,1599,0.2,2558.4
ORD10925,2025-12-15,North,Consumer,Home & Kitchen,Pressure Cooker,1,1899,0.2,1519.2
ORD12094,2025-12-15,North,Corporate,Home & Kitchen,Water Bottle,5,499,0.0,2495.0
ORD10213,2025-12-16,North,Corporate,Fashion,Cotton Kurta,3,899,0.05,2562.15
ORD11970,2025-12-16,North,Small Business,Fashion,Cotton Kurta,3,899,0.0,2697.0
ORD10694,2025-12-16,East,Corporate,Home & Kitchen,Mixer Grinder,1,3299,0.0,3299.0
ORD12444,2025-12-17,West,Small Business,Electronics,Wireless Earbuds,5,2499,0.05,11870.25
ORD10974,2025-12-17,East,Consumer,Fashion,Denim Jeans,2,1599,0.0,3198.0
ORD12592,2025-12-18,North,Consumer,Home & Kitchen,Non-stick Pan,1,1199,0.2,959.2
ORD11214,2025-12-18,East,Consumer,Home & Kitchen,Non-stick Pan,3,1199,0.0,3597.0
ORD10834,2025-12-18,East,Consumer,Home & Kitchen,Non-stick Pan,3,1199,0.05,3417.15
ORD10902,2025-12-18,West,Consumer,Home & Kitchen,Pressure Cooker,5,1899,0.0,9495.0
ORD10568,2025-12-18,North,Corporate,Books,Finance 101,1,799,0.0,799.0
ORD12306,2025-12-19,North,Consumer,Home & Kitchen,Mixer Grinder,2,3299,0.0,6598.0
ORD12532,2025-12-19,West,Consumer,Home & Kitchen,Non-stick Pan,2,1199,0.0,2398.0
ORD11342,2025-12-19,South,Consumer,Home & Kitchen,Non-stick Pan,3,1199,0.0,3597.0
ORD10180,2025-12-19,North,Corporate,Electronics,Bluetooth Speaker,2,3499,0.0,6998.0
ORD11793,2025-12-20,North,Consumer,Home & Kitchen,Mixer Grinder,3,3299,0.0,9897.0
ORD11243,2025-12-20,North,Consumer,Home & Kitchen,Mixer Grinder,4,3299,0.2,10556.8
ORD10334,2025-12-20,South,Small Business,Home & Kitchen,Mixer Grinder,5,3299,0.0,16495.0
ORD11037,2025-12-20,North,Corporate,Home & Kitchen,Non-stick Pan,5,1199,0.1,5395.5
ORD12860,2025-12-20,West,Consumer,Fashion,Running Shoes,5,2799,0.2,11196.0
ORD10972,2025-12-20,East,Consumer,Home & Kitchen,Pressure Cooker,4,1899,0.1,6836.4
ORD11383,2025-12-20,North,Consumer,Electronics,Bluetooth Speaker,4,3499,0.0,13996.0
ORD11620,2025-12-21,South,Consumer,Home & Kitchen,Non-stick Pan,3,1199,0.1,3237.3
ORD10404,2025-12-21,South,Small Business,Home & Kitchen,Pressure Cooker,1,1899,0.0,1899.0
ORD10370,2025-12-21,South,Consumer,Electronics,Smartwatch,1,5999,0.1,5399.1
ORD10529,2025-12-22,West,Corporate,Fashion,Denim Jeans,1,1599,0.2,1279.2
ORD10728,2025-12-22,South,Corporate,Electronics,Power Bank,1,1299,0.0,1299.0
ORD12110,2025-12-22,South,Consumer,Fashion,Running Shoes,4,2799,0.0,11196.0
ORD11116,2025-12-22,West,Consumer,Fashion,Denim Jeans,2,1599,0.0,3198.0
ORD11041,2025-12-23,North,Consumer,Books,Finance 101,4,799,0.0,3196.0
ORD12262,2025-12-23,East,Small Business,Home & Kitchen,Water Bottle,3,499,0.2,1197.6
ORD12154,2025-12-23,West,Small Business,Home & Kitchen,Non-stick Pan,3,1199,0.1,3237.3
ORD10200,2025-12-23,West,Consumer,Books,SQL Basics,4,549,0.1,1976.4
ORD12035,2025-12-23,South,Consumer,Home & Kitchen,Non-stick Pan,5,1199,0.2,4796.0
ORD11965,2025-12-23,West,Consumer,Books,Finance 101,4,799,0.1,2876.4
ORD10193,2025-12-23,South,Consumer,Home & Kitchen,Non-stick Pan,1,1199,0.1,1079.1
ORD10026,2025-12-24,North,Small Business,Electronics,Power Bank,4,1299,0.05,4936.2
ORD10967,2025-12-24,West,Consumer,Electronics,Smartwatch,4,5999,0.0,23996.0
ORD12973,2025-12-24,South,Consumer,Home & Kitchen,Mixer Grinder,1,3299,0.1,2969.1
ORD11309,2025-12-24,West,Corporate,Home & Kitchen,Non-stick Pan,2,1199,0.0,2398.0
ORD10463,2025-12-24,East,Corporate,Electronics,Smartwatch,3,5999,0.0,17997.0
ORD11034,2025-12-24,West,Consumer,Home & Kitchen,Water Bottle,3,499,0.0,1497.0
ORD10107,2025-12-24,South,Consumer,Home & Kitchen,Pressure Cooker,1,1899,0.2,1519.2
ORD12535,2025-12-24,West,Consumer,Home & Kitchen,Non-stick Pan,4,1199,0.1,4316.4
ORD10964,2025-12-24,East,Consumer,Fashion,Denim Jeans,3,1599,0.0,4797.0
ORD12605,2025-12-25,West,Consumer,Books,Python Handbook,5,699,0.0,3495.0
ORD10781,2025-12-25,North,Consumer,Electronics,Power Bank,3,1299,0.0,3897.0
ORD12855,2025-12-25,North,Consumer,Fashion,Denim Jeans,2,1599,0.05,3038.1
ORD11277,2025-12-25,North,Consumer,Fashion,Denim Jeans,1,1599,0.0,1599.0
ORD11215,2025-12-25,South,Corporate,Home & Kitchen,Non-stick Pan,3,1199,0.0,3597.0
ORD11803,2025-12-25,East,Consumer,Home & Kitchen,Water Bottle,2,499,0.0,998.0
ORD12700,2025-12-26,South,Consumer,Electronics,Wireless Earbuds,5,2499,0.1,11245.5
ORD11734,2025-12-26,West,Corporate,Books,SQL Basics,2,549,0.05,1043.1
ORD12772,2025-12-26,West,Consumer,Electronics,Power Bank,4,1299,0.0,5196.0
ORD12294,2025-12-27,East,Corporate,Electronics,Bluetooth Speaker,2,3499,0.0,6998.0
ORD12064,2025-12-27,West,Small Business,Home & Kitchen,Pressure Cooker,5,1899,0.05,9020.25
ORD10516,2025-12-27,East,Consumer,Home & Kitchen,Mixer Grinder,5,3299,0.2,13196.0
ORD11959,2025-12-27,North,Consumer,Fashion,Denim Jeans,3,1599,0.0,4797.0
ORD12962,2025-12-27,West,Consumer,Electronics,Bluetooth Speaker,2,3499,0.0,6998.0
ORD12573,2025-12-27,East,Consumer,Electronics,Bluetooth Speaker,4,3499,0.0,13996.0
ORD11614,2025-12-27,East,Small Business,Home & Kitchen,Pressure Cooker,4,1899,0.0,7596.0
ORD12808,2025-12-28,South,Consumer,Fashion,Denim Jeans,1,1599,0.2,1279.2
ORD12334,2025-12-28,West,Consumer,Home & Kitchen,Water Bottle,3,499,0.1,1347.3
ORD10104,2025-12-28,East,Consumer,Fashion,Cotton Kurta,4,899,0.1,3236.4
ORD10494,2025-12-28,South,Corporate,Electronics,Wireless Earbuds,2,2499,0.05,4748.1
ORD12739,2025-12-28,East,Corporate,Home & Kitchen,Water Bottle,2,499,0.0,998.0
ORD10884,2025-12-29,West,Corporate,Home & Kitchen,Non-stick Pan,3,1199,0.0,3597.0
ORD12631,2025-12-29,North,Consumer,Fashion,Denim Jeans,3,1599,0.2,3837.6
ORD11493,2025-12-30,West,Corporate,Home & Kitchen,Water Bottle,5,499,0.2,1996.0
ORD12115,2025-12-30,South,Corporate,Electronics,Power Bank,5,1299,0.05,6170.25
ORD10132,2025-12-30,North,Consumer,Home & Kitchen,Pressure Cooker,5,1899,0.0,9495.0
ORD12488,2025-12-31,North,Corporate,Electronics,Smartwatch,4,5999,0.1,21596.4
ORD11138,2025-12-31,North,Consumer,Fashion,Running Shoes,1,2799,0.1,2519.1
ORD12883,2025-12-31,East,Consumer,Electronics,Smartwatch,5,5999,0.0,29995.0
ORD10306,2025-12-31,North,Consumer,Books,Finance 101,4,799,0.0,3196.0
ORD10222,2025-12-31,South,Consumer,Fashion,Cotton Kurta,5,899,0.0,4495.0
ORD10131,2025-12-31,East,Consumer,Electronics,Wireless Earbuds,3,2499,0.0,7497.0
ORD12349,2025-12-31,North,Consumer,Home & Kitchen,Water Bottle,3,499,0.0,1497.0
ORD10992,2025-12-31,South,Consumer,Electronics,Power Bank,5,1299,0.1,5845.5
ORD10314,2025-12-31,West,Consumer,Electronics,Bluetooth Speaker,5,3499,0.0,17495.0
